calories,proteins,fat,carbohydrate,name,Meal Type
280.0,9.2,28.4,0.0,Abon,Lunch/Dinner
513.0,23.7,37.0,21.3,Abon haruwan,Lunch/Dinner
0.0,0.0,0.2,0.0,Agar-agar,Lunch/Dinner
45.0,1.1,0.4,10.8,Akar tonjong segar,Snack
37.0,4.4,0.5,3.8,Aletoge segar,Lunch/Dinner
85.0,0.9,6.5,7.7,Alpukat segar,Snack
96.0,3.7,0.6,19.1,Ampas kacang hijau,Snack
414.0,26.6,18.3,41.3,Ampas Tahu,Breakfast
75.0,4.1,2.1,10.7,Ampas tahu kukus,Snack
67.0,5.0,2.1,8.1,Ampas tahu mentah,Snack
184.0,18.8,14.0,0.0,Anak sapi daging gemuk segar,Lunch/Dinner
174.0,19.6,10.0,0.0,Anak sapi daging kurus segar,Lunch/Dinner
190.0,19.1,12.0,0.0,Anak sapi daging sedang segar,Lunch/Dinner
99.0,4.6,1.0,18.0,Andaliman segar,Snack
25.0,1.6,0.2,5.3,Andewi,Snack
30.0,0.5,0.2,6.8,Anggur hutan segar,Snack
354.0,16.4,31.5,0.0,Angsa,Lunch/Dinner
126.0,3.4,7.9,10.3,Anyang sayur,Snack
58.0,0.3,0.4,14.9,Apel,Snack
57.0,0.5,0.4,12.8,Apel malang segar,Snack
37.0,0.8,0.5,8.3,Arbei,Snack
113.0,0.9,7.2,11.2,Ares sayur,Snack
102.0,1.0,0.2,24.1,Arrowroot segar,Snack
277.0,2.4,25.0,10.7,Arwan sirsir,Breakfast
75.0,0.2,1.1,16.1,Asam kandis segar,Snack
239.0,2.8,0.6,62.5,Asam masak di pohon,Breakfast
135.0,0.8,0.4,32.1,Asam payak segar,Snack
261.0,0.9,1.6,63.3,Asan kandis kering,Breakfast
98.0,3.9,2.6,14.8,Asinan Bogor sayuran,Snack
302.0,18.2,25.0,0.0,Ayam,Lunch/Dinner
297.0,35.9,15.2,1.6,Ayam  goreng Kentuckysayap,Lunch/Dinner
270.0,32.3,11.2,9.9,Ayam ampela goreng,Lunch/Dinner
75.0,13.8,1.9,0.7,Ayam dideh/darah segar,Lunch/Dinner
295.0,34.0,16.0,1.5,Ayam goreng church texa sayap,Lunch/Dinner
338.0,35.2,20.6,0.4,Ayam goreng church texas dada,Lunch/Dinner
275.0,37.4,12.2,1.3,Ayam goreng kalasan paha,Lunch/Dinner
298.0,34.2,16.8,0.1,Ayam goreng kentucky dada,Lunch/Dinner
286.0,32.1,16.1,1.1,Ayam goreng Kentucky paha,Lunch/Dinner
295.0,39.2,13.6,1.0,Ayam goreng mbok berek dada,Lunch/Dinner
287.0,31.0,15.7,1.7,Ayam goreng paha,Lunch/Dinner
246.0,37.9,9.0,0.7,Ayam goreng pasundan dada,Lunch/Dinner
245.0,33.1,11.4,0.3,Ayam goreng pasundan paha,Lunch/Dinner
295.0,37.4,14.7,0.6,Ayam goreng pioneer dada,Lunch/Dinner
244.0,36.7,9.2,1.0,Ayam goreng sukabumi dada,Lunch/Dinner
283.0,35.7,14.3,0.5,Ayam goreng sukabumi paha,Lunch/Dinner
261.0,27.4,16.1,1.6,Ayam hati segar,Lunch/Dinner
264.0,18.2,20.1,2.7,Ayam taliwang masakan,Lunch/Dinner
473.0,45.2,26.3,13.9,Ayam usus goreng,Lunch/Dinner
113.0,17.6,4.2,0.0,Babat,Lunch/Dinner
453.0,11.9,45.0,0.0,Babi daging gemuk segar,Lunch/Dinner
371.0,14.1,35.0,0.0,Babi daging kurus segar,Lunch/Dinner
110.0,16.3,4.6,0.8,Babi ginjal segar,Lunch/Dinner
129.0,19.7,4.8,1.7,Babi hati segar,Lunch/Dinner
491.0,24.6,16.3,0.2,Babi hutan masak rica masakan,Lunch/Dinner
102.9,3.3,2.7,16.3,Bacang,Snack
450.0,3.2,13.9,78.1,Bagea kelapa asin,Breakfast
452.0,1.3,13.8,80.6,Bagea kelapa manis,Breakfast
529.0,3.2,29.1,63.6,Bagea kenari asin,Breakfast
523.0,3.2,28.2,64.2,Bagea kenari manis,Breakfast
416.0,6.5,9.4,76.3,Bagea kw 1,Breakfast
382.0,0.3,3.5,87.2,Bagea kw 2,Breakfast
129.0,1.9,6.6,15.6,Baje,Snack
272.0,8.7,6.7,44.1,Bakpia kue,Breakfast
76.0,4.1,2.5,9.2,Bakso ,Snack
27.0,2.0,0.2,4.2,Bakung segar,Snack
280.0,8.2,10.2,39.0,Bakwan,Breakfast
13.0,0.4,0.2,3.0,Baligo,Snack
190.0,3.3,0.3,43.5,Bantal,Snack
159.0,3.1,5.8,23.5,Barongko,Snack
137.0,4.3,4.8,19.1,Batang Tading,Snack
107.0,2.2,2.2,19.6,Batar daan,Snack
76.0,1.1,0.9,16.0,Batatas gembili segar,Snack
110.0,1.4,1.1,23.4,Batatas kelapa ubi bakar,Snack
92.0,1.2,0.3,21.0,Batatas kelapa ubi kukus,Snack
89.0,1.1,0.1,21.0,Batatas kelapa ubi segar,Snack
182.0,2.4,0.4,42.2,Batatas tali ubi rebus,Snack
45.0,1.4,0.2,10.3,Bawang Bombay,Snack
39.0,1.5,0.3,0.2,Bawang Merah,Lunch/Dinner
95.0,4.5,0.2,23.1,Bawang Putih,Snack
30.0,1.3,0.7,5.8,Bayam kukus,Snack
51.0,4.6,0.5,10.0,Bayam Merah,Snack
41.0,2.2,0.8,6.3,Bayam merah segar,Snack
23.0,1.2,0.6,3.7,Bayam rebus,Snack
36.0,3.5,0.5,6.5,Bayam segar,Snack
102.0,3.7,6.7,6.9,Bayam tumis + oncom,Snack
48.0,1.4,4.2,2.6,Bayam tumis bersantan,Snack
326.0,16.0,28.6,0.0,Bebek (itik),Lunch/Dinner
303.0,11.3,27.0,3.7,Bebek alabio daging segar,Lunch/Dinner
300.0,24.0,20.7,4.5,Bebek daging goreng,Lunch/Dinner
65.0,1.1,5.2,3.5,Beberuk,Snack
258.0,10.6,9.5,32.5,Beef burger,Breakfast
151.0,8.6,3.1,22.3,Beef teriyaki masakan,Snack
132.0,9.8,1.1,20.7,Beef yakiniku masakan,Snack
116.0,11.9,4.9,6.1,Bekasam,Lunch/Dinner
78.0,11.4,2.0,3.6,Bekasang,Lunch/Dinner
131.0,20.2,4.3,2.8,Belibis daging segar,Lunch/Dinner
36.0,0.4,0.4,8.8,Belimbing,Snack
145.0,1.2,0.4,34.2,Belitung talas kukus,Snack
417.0,25.9,19.4,32.0,Belut goreng,Breakfast
70.0,14.6,0.8,1.0,Belut segar,Lunch/Dinner
93.0,12.8,1.5,6.1,Belutlaut segar,Lunch/Dinner
55.0,1.4,0.2,12.8,Bengkuang,Snack
98.0,1.6,0.7,20.9,Bentul (Komba)  talas segar,Snack
71.0,2.3,0.3,15.4,Bentul talas kukus,Snack
350.0,2.7,1.1,82.3,Beras Cerdas,Breakfast
364.0,3.4,0.7,86.3,Beras ganyong,Breakfast
360.0,6.8,0.7,78.9,Beras Giling,Breakfast
178.0,2.1,0.1,40.6,Beras Giling masak (nasi) ,Snack
357.0,8.4,1.7,77.1,Beras giling mentah,Breakfast
369.0,9.5,1.4,77.1,Beras giling var pelita mentah,Breakfast
357.0,8.4,1.7,77.1,Beras giling var rojolele mentah,Breakfast
351.0,8.0,1.3,76.9,Beras hitam mentah,Breakfast
358.0,5.5,0.1,82.7,Beras jagung kuning kering mentah,Breakfast
307.0,4.8,0.1,71.8,Beras jagung putih kering mentah,Breakfast
356.0,7.0,0.7,78.0,Beras Ketan Hitam,Breakfast
181.0,4.0,1.2,37.3,Beras Ketan Hitam kukus,Snack
166.0,3.8,1.0,34.4,Beras Ketan Hitam tape,Snack
360.0,8.0,2.3,74.5,Beras Ketan Hitam tumbuk,Breakfast
360.0,8.0,2.3,74.5,Beras ketan hitam tumbuk mentah,Breakfast
362.0,6.7,0.7,79.4,Beras Ketan Putih,Breakfast
163.0,3.0,0.4,35.7,Beras Ketan Putih kukus,Snack
172.0,3.0,0.5,37.5,Beras Ketan Putih tape,Snack
361.0,7.4,0.8,78.4,Beras Ketan Putih tumbuk,Breakfast
361.0,7.4,0.8,78.4,Beras ketan putih tumbuk mentah,Breakfast
376.0,7.5,3.8,78.0,Beras ladang mentah,Breakfast
339.0,7.7,4.4,73.0,Beras Menir,Breakfast
362.0,7.7,4.4,73.0,Beras menir mentah,Breakfast
359.0,7.5,0.9,77.6,Beras Merah tumbuk,Breakfast
364.0,6.8,0.6,80.1,Beras Parboiled,Breakfast
353.0,6.8,0.6,80.0,Beras parboiled,Breakfast
335.0,7.4,1.9,76.2,Beras Pecah Kulit,Breakfast
363.0,7.6,1.1,78.3,Beras Setengah Giling,Breakfast
344.0,1.1,0.2,28.3,Beras Siger,Breakfast
354.0,7.8,0.4,79.9,Beras tumbuk mentah,Breakfast
352.0,7.3,0.9,76.2,Beras tumbuk merah mentah,Breakfast
145.0,16.3,7.0,4.1,Betok wadi masakan,Lunch/Dinner
360.0,4.7,0.1,82.1,Bihun,Breakfast
154.0,3.0,4.5,25.5,Bihun Goreng ,Snack
381.0,6.1,3.9,80.3,Bihun goreng instan,Breakfast
354.0,0.5,0.3,87.4,Bihun Jagung mentah,Breakfast
348.0,4.7,0.1,82.1,Bihun mentah,Breakfast
562.0,21.2,49.6,23.6,Biji Jambu Mete,Breakfast
629.0,21.5,56.6,19.8,Biji Jambu Mete goreng,Lunch/Dinner
262.0,2.3,5.4,51.1,Biji nangka/Biji salak,Breakfast
199.0,2.1,1.5,44.4,Bika ambon,Snack
225.7,3.0,0.3,52.9,Bika Ambon ,Breakfast
48.0,0.6,0.0,4.4,Bir (4% alkohol),Snack
458.0,6.9,14.4,75.1,Biskuit,Breakfast
42.0,1.6,0.1,9.6,Bit,Snack
51.0,0.3,0.1,12.1,Biwah segar,Snack
43.0,2.6,0.0,11.6,Bonggol Pisang,Snack
245.0,3.4,0.0,66.2,Bonggol Pisang kering,Breakfast
119.0,4.4,3.5,18.3,Bongkrek (tempe bungkil),Snack
23.0,1.0,0.8,7.2,Boros Kunci,Snack
22.0,1.0,0.3,4.7,Boros Laja (lengkuas),Snack
186.0,11.7,9.7,13.0,Botok lamtoro,Snack
249.0,3.4,0.4,58.0,Brem,Breakfast
400.0,4.0,0.7,95.3,Brondong ,Breakfast
141.0,15.3,3.3,12.6,Brongkos,Lunch/Dinner
23.0,0.8,0.2,5.2,Buah Atung,Snack
110.0,1.4,2.1,21.4,Buah kelenting segar,Snack
38.0,1.5,0.2,7.5,Buah kelor,Snack
264.0,4.0,1.1,59.6,Buah kom segar,Breakfast
39.0,0.7,0.2,9.7,Buah Mentega (bisbul),Snack
87.0,2.6,2.7,13.1,Buah merah,Snack
71.0,1.7,3.1,9.1,Buah Naga Merah segar,Snack
56.0,0.8,1.0,10.9,Buah Naga Putih segar,Snack
55.0,1.2,0.1,12.2,Buah negri segar,Snack
101.0,1.7,0.6,25.2,Buah Nona,Snack
78.0,0.6,0.3,18.2,Buah rotan segar,Snack
113.0,0.8,0.3,26.8,Buah rukam segar,Snack
29.0,2.1,0.7,3.6,Buah ruruhi segar,Snack
67.0,0.4,0.2,15.9,Buah tuppa segar,Snack
365.0,49.6,4.8,30.8,Buaya daging dendeng mentah,Lunch/Dinner
60.0,1.0,60.0,13.0,Bubur ,Snack
167.0,0.2,4.0,33.0,Bubur sagu,Snack
156.0,2.3,0.2,15.6,Bubur tinotuan (Manado),Snack
72.0,11.4,4.9,1.4,Bulgogi masakan,Lunch/Dinner
212.0,16.9,0.2,47.6,Bulung Jajan,Breakfast
237.0,14.7,0.2,56.0,Bulung Sangu,Breakfast
35.0,2.4,0.2,7.7,Buncis,Snack
60.0,5.1,0.5,8.5,Buncis asam,Snack
30.0,2.2,0.2,6.4,Buncis rebus,Snack
45.0,2.6,0.3,8.1,Bunga pepaya segar,Snack
42.0,2.0,1.1,6.1,Bunga turi segar,Snack
333.0,29.3,3.3,50.0,Bungkil Biji Karet,Breakfast
336.0,37.4,13.0,30.5,Bungkil Kacang Tanah,Lunch/Dinner
368.0,23.0,15.0,40.0,Bungkil Kelapa,Breakfast
106.0,4.4,6.3,7.9,Buntil ,Snack
141.0,4.4,10.2,8.0,Buntil daun talas,Snack
125.7,3.3,1.9,23.9,Buras ,Snack
281.0,37.5,0.3,32.1,Burung sarang segar,Lunch/Dinner
38.0,1.6,0.8,6.3,Cabai gembor merah segar,Snack
26.0,0.7,0.3,5.2,Cabai hijau segar,Snack
367.0,15.9,6.2,61.8,Cabai merah kering,Breakfast
36.0,1.0,0.3,7.3,Cabai merah segar,Snack
120.0,4.7,2.4,19.9,Cabai rawit segar,Snack
20.0,1.7,0.4,3.4,Caisin segar,Snack
155.0,20.1,3.8,10.2,Cakalang asar (asap papua),Lunch/Dinner
323.0,4.9,11.5,50.1,Cake tape,Breakfast
102.0,3.2,6.0,8.7,Cammetutu,Snack
366.0,11.0,3.3,73.0,Cantel mentah,Breakfast
97.0,5.8,6.3,4.2,Cap cai sayur,Lunch/Dinner
24.0,1.9,0.2,3.7,Carica papaya segar,Snack
460.0,0.8,18.7,17.2,Cassavastick,Breakfast
116.0,3.0,0.4,28.6,Cempedak,Snack
330.0,5.2,8.9,57.4,Cengkeh kering,Breakfast
332.0,11.0,3.3,73.0,Centel,Breakfast
462.0,1.2,20.7,67.7,Ceriping getuk singkong,Breakfast
168.0,13.0,9.6,7.5,Chicken teriyaki masakan,Lunch/Dinner
143.0,9.8,1.4,22.8,Chikiniku masakan,Snack
311.0,8.0,4.0,48.9,Coklat bubuk,Breakfast
472.0,2.0,29.8,62.7,Coklat Manis batang,Breakfast
504.0,5.5,52.9,29.2,Coklat Pahit batang,Breakfast
381.0,9.0,35.0,53.6,Coklat Susu batang,Breakfast
210.0,1.6,6.6,35.8,Combro ,Breakfast
241.0,16.0,25.0,0.0,Corned Beef,Lunch/Dinner
96.0,6.8,5.9,3.8,Coto mangkasara kuda masakan,Lunch/Dinner
84.0,6.0,6.0,1.4,Coto mangkasara sapi masakan,Lunch/Dinner
145.0,27.0,2.3,0.0,Cue Selar Kuning,Lunch/Dinner
12.0,0.1,0.1,5.0,Cuka,Snack
265.0,40.6,10.1,0.0,Cumi-cumi goreng,Lunch/Dinner
75.0,16.1,0.7,0.1,Cumi-cumi segar,Lunch/Dinner
190.0,19.1,12.0,0.0,Daging Anak Sapi,Lunch/Dinner
191.0,32.0,6.0,0.0,Daging Asap,Lunch/Dinner
457.0,11.6,45.0,0.0,Daging Babi Gemuk,Lunch/Dinner
376.0,14.1,35.0,0.0,Daging Babi Kurus,Lunch/Dinner
206.0,17.1,14.8,0.0,Daging Domba,Lunch/Dinner
154.0,16.6,9.2,0.0,Daging Kambing,Lunch/Dinner
84.0,18.7,0.5,0.0,Daging Kerbau,Lunch/Dinner
118.0,18.1,4.1,0.9,Daging Kuda,Lunch/Dinner
207.0,18.8,14.0,0.0,Daging Sapi,Lunch/Dinner
27.0,1.3,0.6,4.0,Daun bangun-bangun segar,Snack
29.0,1.8,0.7,5.2,Daun Bawang,Snack
41.0,2.0,0.3,7.8,Daun bawang  merah segar,Snack
41.0,2.7,1.0,7.3,Daun bebuas segar,Snack
50.0,4.4,1.4,7.8,Daun belem segar,Snack
42.0,1.8,0.5,9.4,Daun Beluntas,Snack
122.0,6.0,1.0,26.0,Daun Cincau,Snack
60.0,3.1,0.3,14.0,Daun Gandaria,Snack
58.0,2.9,0.7,10.0,Daun gedi besar segar,Snack
30.0,1.3,0.7,5.8,Daun gelang segar,Snack
50.0,4.6,0.9,7.0,Daun gunda bali segar,Snack
62.0,4.2,0.9,9.2,Daun gunda serang segar,Snack
73.0,4.6,0.5,16.2,Daun Jambu Mete muda,Snack
34.0,3.8,0.5,5.3,Daun jampang segar,Snack
93.0,5.0,1.3,15.3,Daun jawaw seluang segar,Snack
27.0,2.1,0.7,4.4,Daun jonghe segar,Snack
36.0,2.9,0.6,6.8,Daun kacang ma segar,Snack
34.0,4.1,0.4,5.8,Daun Kacang Panjang,Snack
40.0,3.7,0.3,8.0,Daun Kacang Panjang kukus,Snack
30.0,3.1,0.3,5.8,Daun kacang panjang segar,Snack
92.0,4.0,3.6,10.9,Daun kasbi/singkong karet segar,Snack
59.0,4.8,1.0,11.0,Daun Katuk,Snack
53.0,5.3,0.9,9.1,Daun katuk rebus,Snack
59.0,6.4,1.0,9.9,Daun katuk segar,Snack
47.0,5.0,0.5,8.5,Daun Kecipir,Snack
59.0,2.8,0.3,13.4,Daun Kedondong,Snack
82.0,6.7,1.7,14.3,Daun Kelor,Snack
61.0,6.1,0.9,10.0,Daun Kelor rebus,Snack
46.0,4.0,0.5,8.9,Daun Kemangi,Snack
45.0,3.7,0.5,6.6,Daun kenikir segar,Snack
48.0,4.5,0.8,9.1,Daun kesum segar,Snack
22.0,2.1,0.5,3.6,Daun kol sawi segar,Snack
23.0,3.0,0.3,3.7,Daun Koro,Snack
51.0,2.5,1.1,8.0,Daun kubis segar,Snack
14.0,1.3,0.3,2.3,Daun Kumak,Snack
60.0,4.0,0.4,4.7,Daun Labu Siam,Snack
30.0,3.6,0.6,4.5,Daun Labu Waluh,Snack
87.0,8.3,1.8,14.4,Daun lamtoro segar,Snack
76.0,2.8,0.2,15.8,Daun leilem segar,Snack
45.0,4.7,0.5,8.1,Daun Leunca,Snack
30.0,2.3,0.4,5.8,Daun Lobak,Snack
40.0,3.0,0.8,7.4,Daun Lompong Tales,Snack
54.0,3.7,0.3,11.8,Daun Mangkokan,Snack
71.0,6.8,1.6,11.5,Daun matel ambon segar,Snack
99.0,5.0,1.3,21.3,Daun Melinjo,Snack
63.0,3.8,1.5,11.5,Daun Mengkudu Kukus,Snack
166.0,1.7,0.5,38.8,Daun ndusuk segar,Snack
22.0,1.0,0.1,5.3,Daun Oyong,Snack
22.0,1.0,0.1,5.3,Daun oyong segar,Snack
35.0,4.0,0.3,6.4,Daun Pakis,Snack
54.0,2.2,3.6,3.1,Daun pakis longgiho segar,Snack
39.0,4.5,0.4,6.9,Daun pakis segar,Snack
53.0,3.4,1.2,7.2,Daun pakis wambateu segar,Snack
29.0,3.4,0.1,6.5,Daun paku segar,Snack
104.0,3.9,0.6,17.9,Daun pangisegar,Snack
49.0,2.7,1.0,8.4,Daun pare segar,Snack
87.0,8.0,2.0,11.9,Daun pepaya segar,Snack
128.0,12.0,6.5,12.4,Daun Pete Cina,Snack
37.0,2.5,0.8,6.9,Daun Poh-pohan,Snack
301.0,14.2,10.9,49.0,Daun salam  bubuk,Breakfast
62.0,4.0,0.5,10.5,Daun selasih segar,Snack
45.0,4.4,8.0,0.5,Daun Semanggi,Lunch/Dinner
45.0,4.4,0.5,8.5,Daun semanggi segar,Snack
53.0,3.2,2.5,7.6,Daun simpur segar,Snack
68.0,2.0,1.0,15.2,Daun singkil segar,Snack
73.0,6.8,1.2,13.0,Daun Singkong,Snack
144.0,12.7,1.2,25.2,Daun singkong ambon segar,Snack
50.0,6.2,1.1,7.1,Daun singkong ampenan segar,Snack
74.0,6.3,0.7,10.7,Daun singkong kopang segar,Snack
55.0,4.0,0.5,8.5,Daun Singkong lodeh,Snack
31.0,3.7,0.6,4.8,Daun Singkong rebus,Snack
50.0,6.2,1.1,7.1,Daun singkong segar,Snack
36.0,2.6,0.9,6.1,Daun Sintrong,Snack
27.0,1.3,0.2,5.9,Daun talas rebus,Snack
59.0,3.0,0.4,13.5,Daun talas segar,Snack
71.0,4.1,2.1,12.3,Daun Tales,Snack
27.0,1.3,0.2,5.9,Daun Tales rebus,Snack
70.0,2.9,0.3,13.9,Daun tespong segar,Snack
47.0,2.8,0.4,10.4,Daun Ubi Jalar,Snack
56.0,3.1,0.3,13.0,Daun Ubi Jalar kukus,Snack
62.0,3.7,0.3,11.1,Daun ubi kuning segar,Snack
56.0,3.1,0.3,13.0,Daun ubi merah kukus,Snack
48.0,3.0,0.3,10.8,Daun ubi merah segar,Snack
46.0,2.8,0.2,8.2,Daun ubi putih segar,Snack
55.0,1.7,0.1,11.9,Daun ubi tinta segar,Snack
260.0,2.0,15.0,53.0,Deblo ,Breakfast
382.0,55.7,14.1,8.0,Dendeng belut goreng,Lunch/Dinner
433.0,55.0,9.0,0.0,Dendeng Daging Sapi,Lunch/Dinner
598.0,74.3,26.9,9.2,Dendeng mujahir goreng,Lunch/Dinner
77.0,13.8,1.9,0.7,Dideh darah ayam,Lunch/Dinner
104.0,21.9,1.1,0.0,Dideh darah sapi,Lunch/Dinner
248.0,10.0,2.3,40.9,Djibokum masakan,Breakfast
395.0,3.0,5.7,81.2,Dodol,Breakfast
298.0,3.7,2.1,65.9,Dodol bali,Breakfast
368.0,2.6,8.6,70.0,Dodol banjarmasin,Breakfast
348.0,0.4,3.8,76.1,Dodol galamai,Breakfast
331.0,1.9,7.6,63.8,Dodol kedondong,Breakfast
373.0,4.3,16.5,51.9,Dodol manado,Breakfast
17.5,3.3,2.3,39.5,Dodonkol ,Snack
317.0,15.7,27.7,0.0,Domba daging gemuk segar,Lunch/Dinner
202.0,17.1,14.8,0.0,Domba daging kurus  segar,Lunch/Dinner
100.0,16.6,3.3,1.0,Domba ginjal segar,Lunch/Dinner
63.0,1.0,0.2,16.1,Duku,Snack
134.0,2.5,3.0,28.0,Durian,Snack
80.0,0.5,0.6,18.2,Duwet segar,Snack
18.0,1.0,0.2,3.8,Eceng Gondok,Snack
98.0,1.4,0.2,25.4,Embacang,Snack
248.0,36.2,6.9,10.1,Empal (daging) Goreng masakan,Lunch/Dinner
590.0,18.5,57.0,0.0,Empal Goreng,Lunch/Dinner
345.0,12.0,1.5,71.5,Emping (kerupuk melinjo),Breakfast
403.0,10.6,2.2,85.3,Emping beras,Breakfast
355.0,17.8,4.6,60.7,Emping komak,Breakfast
122.0,3.5,4.5,17.5,Encung asam segar,Snack
538.0,13.6,30.3,52.6,Enting-enting gepuk hello kity,Breakfast
524.0,13.3,29.2,52.0,Enting-enting gepuk kacang tanah,Breakfast
565.0,18.2,38.4,36.8,Enting-enting wijen,Breakfast
70.0,0.6,0.0,18.9,Erbis,Snack
210.0,4.0,12.5,20.6,Es krim,Breakfast
156.7,3.0,1.7,32.7,Es Krim (Coconut milk) ,Snack
152.0,0.0,0.0,37.6,Es Mambo ,Snack
44.8,0.0,0.0,11.3,Es Sirup ,Snack
270.0,12.3,15.9,19.3,Fillet o-fish,Breakfast
322.0,2.4,0.6,76.6,Gadeng/Gadung kering,Breakfast
137.0,6.1,3.2,21.0,Gado-gado,Snack
88.0,0.8,0.3,20.9,Gadung kukus,Snack
101.0,2.1,0.2,23.2,Gadung mentah,Snack
88.0,0.6,0.3,20.9,Gadung ubi kukus,Snack
100.0,0.9,0.3,23.5,Gadung ubi segar,Snack
18.0,0.8,0.2,4.1,Gambas (Oyong),Snack
13.0,0.3,0.6,1.6,Gambas lodeh,Snack
68.0,0.7,0.1,18.0,Gandaria,Snack
100.0,0.8,0.2,23.8,Ganyong kukus,Snack
95.0,1.0,0.1,22.6,Ganyong mentah,Snack
100.0,0.8,0.2,23.8,Ganyong rebus,Snack
77.0,0.6,0.2,18.4,Ganyong segar,Snack
338.0,1.5,0.7,81.3,Gaplek,Breakfast
191.0,4.5,1.5,39.7,Gatep segar,Snack
347.0,1.3,0.7,83.8,Gatot,Breakfast
195.0,0.4,1.7,44.4,Geblek,Snack
389.0,0.0,0.0,91.0,Gelatine,Breakfast
95.0,1.5,0.1,22.4,Gembili,Snack
131.0,1.1,0.2,31.3,Gembili ubi segar,Snack
274.0,1.7,5.4,55.5,Gemblong,Breakfast
407.0,6.4,28.2,32.0,Gendar goreng,Breakfast
35.0,1.7,0.2,7.7,Genjer segar,Snack
350.0,1.4,14.4,53.6,Geplak,Breakfast
462.0,3.1,24.4,57.7,Geplak jahe,Breakfast
75.0,8.2,2.0,6.0,Gete kuah asam masakan,Lunch/Dinner
360.0,1.3,6.4,74.3,Getuk goreng,Breakfast
171.4,4.0,4.0,32.0,Getuk Lindri ,Snack
144.0,1.1,0.4,34.1,Getuk pisang,Snack
204.0,0.5,1.4,47.4,Getuk singkong,Breakfast
114.0,16.3,4.6,0.8,Ginjal Babi,Lunch/Dinner
105.0,16.6,3.3,1.0,Ginjal Domba,Lunch/Dinner
141.0,15.0,8.1,0.9,Ginjal Sapi,Lunch/Dinner
53.0,1.6,1.6,8.8,Gudeg ,Snack
160.0,3.3,9.2,16.0,Gudeg sayur,Snack
368.0,0.0,0.0,95.0,Gula Aren,Breakfast
386.0,3.0,10.0,76.0,Gula Kelapa,Breakfast
356.0,0.4,0.5,90.6,Gula Merah Tebu belum dimurnikan,Breakfast
394.0,0.0,0.0,94.0,Gula putih,Breakfast
52.0,10.0,0.5,1.8,Gulai asam keueung masakan,Lunch/Dinner
106.0,16.5,3.3,2.5,Gulai ikan masakan,Lunch/Dinner
148.0,10.0,9.8,5.0,Gulai ikan paya masakan,Lunch/Dinner
126.0,4.2,9.4,6.2,Gulai kambing,Snack
110.0,5.9,8.2,3.2,Gulai keumamah masakan,Lunch/Dinner
143.0,4.0,11.4,6.0,Gulai pakis,Snack
176.0,7.3,14.9,3.2,Gulai pliek,Lunch/Dinner
132.0,9.0,7.2,7.8,Gulai tiram masakan,Lunch/Dinner
192.0,12.7,10.1,12.7,Gurame asem manis masakan,Lunch/Dinner
218.0,0.5,2.5,48.5,Gurandil,Breakfast
389.0,16.9,35.0,0.3,Ham,Lunch/Dinner
65.0,10.0,1.0,3.5,Hangop,Lunch/Dinner
134.0,19.7,4.8,1.7,Hati Babi,Lunch/Dinner
136.0,19.7,3.2,6.0,Hati Sapi,Lunch/Dinner
390.0,14.2,7.4,68.2,Havermout,Breakfast
127.0,1.2,0.5,29.5,Hofa/Ubi hutan segar,Snack
146.0,17.7,5.9,5.6,Ikan asar merah masakan,Lunch/Dinner
380.0,33.6,27.5,0.0,Ikan Asin bilis goreng,Lunch/Dinner
456.0,46.5,24.4,0.0,Ikan Asin gabus goreng,Lunch/Dinner
348.0,18.7,29.5,0.0,Ikan Asin japuh goreng,Lunch/Dinner
193.0,42.0,1.5,0.0,Ikan Asin kering,Lunch/Dinner
430.0,58.2,23.6,0.0,Ikan Asin pari goreng,Lunch/Dinner
652.0,40.4,54.3,0.0,Ikan Asin pepetek goreng,Lunch/Dinner
319.0,6.9,31.7,0.0,Ikan Asin sirinding goreng,Lunch/Dinner
430.0,33.4,32.4,0.0,Ikan Asin teri goreng,Lunch/Dinner
198.0,19.0,13.0,0.0,Ikan Bader (Tawes),Lunch/Dinner
107.0,16.5,3.9,1.5,Ikan balong segar,Lunch/Dinner
112.0,20.0,1.3,3.7,Ikan bambangan segar,Lunch/Dinner
129.0,20.0,4.8,0.0,Ikan Bandeng,Lunch/Dinner
296.0,17.1,20.3,11.3,Ikan bandeng presto masakan,Lunch/Dinner
111.0,19.4,0.9,4.8,Ikan banjar segar,Lunch/Dinner
78.0,14.5,0.6,3.7,Ikan baronang segar,Lunch/Dinner
144.0,17.8,5.8,5.2,Ikan baung bakar,Lunch/Dinner
123.0,15.1,5.5,3.3,Ikan baung segar,Lunch/Dinner
96.0,19.0,1.7,0.0,Ikan Bawal,Lunch/Dinner
138.0,14.0,0.7,7.4,Ikan Bekasang,Lunch/Dinner
128.0,18.0,3.0,7.2,Ikan Belida bakar,Lunch/Dinner
80.0,14.7,1.4,2.2,Ikan Belida segar,Lunch/Dinner
417.0,25.9,19.4,32.0,Ikan Belut Segar goreng,Breakfast
82.0,6.7,1.0,10.9,Ikan Belut Segar mentah,Snack
66.0,14.0,0.0,0.0,Ikan Beunteur,Lunch/Dinner
90.0,14.9,2.5,2.1,Ikan biawan segar,Lunch/Dinner
88.0,14.2,0.7,6.2,Ikan bili segar,Lunch/Dinner
100.0,14.7,2.4,4.9,Ikan bubara segar,Lunch/Dinner
134.0,25.5,1.3,5.0,Ikan bulan-bulan segar,Lunch/Dinner
204.0,34.2,5.6,1.9,Ikan cakalang asap mentah,Lunch/Dinner
198.0,36.5,2.2,5.5,Ikan cakalang asin mentah,Lunch/Dinner
120.0,11.3,3.9,10.0,Ikan cakalang hati segar,Lunch/Dinner
116.0,11.2,1.2,10.2,Ikan cakalang jantung segar,Lunch/Dinner
86.0,10.2,1.1,8.7,Ikan cakalang perut segar,Lunch/Dinner
107.0,19.6,0.7,5.5,Ikan cakalang segar,Lunch/Dinner
81.0,11.4,1.9,3.8,Ikan calo/ peda mentah,Lunch/Dinner
101.0,11.5,4.1,4.6,Ikan daun segar,Lunch/Dinner
109.0,17.0,4.0,0.0,Ikan Ekor Kuning,Lunch/Dinner
261.0,38.1,2.3,21.9,Ikan Gabus asap mentah,Lunch/Dinner
292.0,58.0,4.0,0.0,Ikan Gabus kering,Lunch/Dinner
74.0,25.2,1.7,0.0,Ikan Gabus segar,Lunch/Dinner
267.0,23.1,19.4,0.2,Ikan gete goreng,Lunch/Dinner
101.0,10.3,3.7,6.7,Ikan hitam segar,Lunch/Dinner
298.0,46.3,3.6,20.2,Ikan hiu kering,Lunch/Dinner
57.0,10.7,0.3,2.2,Ikan hiu segar,Lunch/Dinner
77.0,15.6,0.9,1.6,Ikan kacangan segar,Lunch/Dinner
92.0,20.0,0.7,0.0,Ikan kakap segar,Lunch/Dinner
82.0,11.4,1.2,6.4,Ikan kakatua segar,Lunch/Dinner
132.0,17.0,6.7,0.8,Ikan kapar segar,Lunch/Dinner
162.0,31.7,2.8,0.3,Ikan katombo asin,Lunch/Dinner
110.0,12.6,4.2,5.4,Ikan kawalinya segar,Lunch/Dinner
302.0,70.7,1.9,0.4,Ikan kayu kering,Lunch/Dinner
103.0,22.0,1.0,0.0,Ikan Kembung,Lunch/Dinner
70.0,10.8,0.7,5.2,Ikan kima segar,Lunch/Dinner
147.0,17.5,6.5,5.4,Ikan Lais bakar,Lunch/Dinner
109.0,22.0,1.7,0.0,Ikan Layang,Lunch/Dinner
82.0,18.0,1.0,0.4,Ikan layur segar,Lunch/Dinner
90.0,20.4,0.9,0.0,Ikan lehoma segar,Lunch/Dinner
252.0,19.9,19.1,0.0,Ikan Lele goreng,Lunch/Dinner
112.0,20.0,3.0,0.0,Ikan Lemuru,Lunch/Dinner
104.0,15.6,3.2,2.0,Ikan lidah segar,Lunch/Dinner
258.0,40.3,2.3,18.9,Ikan lomak asin mentah,Lunch/Dinner
99.0,20.6,1.4,0.9,Ikan malalugis segar,Lunch/Dinner
86.0,16.0,2.0,0.0,Ikan Mas,Lunch/Dinner
188.0,19.3,12.2,0.0,Ikan Mas goreng,Lunch/Dinner
209.0,15.2,11.3,11.8,Ikan Mas pepes,Lunch/Dinner
97.0,17.9,2.0,0.4,Ikan mayong segar,Lunch/Dinner
598.0,74.3,26.9,9.2,Ikan Mujair dendeng goreng,Lunch/Dinner
582.0,68.3,15.2,37.2,Ikan Mujair dendeng mentah,Lunch/Dinner
416.0,46.9,23.9,0.0,Ikan Mujair goreng,Lunch/Dinner
121.0,21.7,2.8,0.8,Ikan Mujair pepes,Lunch/Dinner
89.0,18.7,1.0,0.0,Ikan Mujair segar,Lunch/Dinner
154.0,16.8,5.0,10.5,Ikan nasu metti segar,Lunch/Dinner
125.0,21.3,3.4,2.2,Ikan oci kembung segar,Lunch/Dinner
152.0,17.6,6.1,6.7,Ikan Papuyu bakar,Lunch/Dinner
120.0,14.3,4.9,4.6,Ikan papuyu/ betok segar,Lunch/Dinner
144.0,17.5,6.3,4.3,Ikan Patin bakar,Lunch/Dinner
132.0,17.0,6.6,1.1,Ikan Patin segar,Lunch/Dinner
156.0,28.0,4.0,2.0,Ikan peda banjar mentah,Lunch/Dinner
176.0,32.0,4.4,0.0,Ikan Pepetek,Lunch/Dinner
157.0,28.0,4.2,1.8,Ikan Pindang banjar mentah,Lunch/Dinner
170.0,31.0,4.2,0.0,Ikan Pindang benggol mentah,Lunch/Dinner
153.0,30.0,2.8,0.0,Ikan Pindang layang mentah,Lunch/Dinner
142.0,27.0,3.0,0.0,Ikan Pindang selar mentah,Lunch/Dinner
415.0,61.3,17.6,2.9,Ikan sale lais mentah,Lunch/Dinner
534.0,40.2,39.3,4.9,Ikan Sale segar,Lunch/Dinner
284.0,34.1,9.9,14.6,Ikan saluang kering mentah,Lunch/Dinner
113.0,13.9,4.9,3.4,Ikan saluang segar,Lunch/Dinner
240.0,21.7,7.7,20.7,Ikan sanggang masakan,Lunch/Dinner
109.0,19.9,1.8,3.4,Ikan sarden segar,Lunch/Dinner
113.0,17.0,4.5,0.0,Ikan Segar,Lunch/Dinner
194.0,38.0,3.5,0.0,Ikan Selar kering,Lunch/Dinner
138.0,27.0,3.3,0.0,Ikan selar kuning cue mentah,Lunch/Dinner
100.0,18.8,2.2,0.0,Ikan selar segar,Lunch/Dinner
289.0,38.0,14.0,0.0,Ikan Sepat kering,Lunch/Dinner
84.0,15.2,0.6,4.7,Ikan sepat segar,Lunch/Dinner
81.0,11.4,1.9,3.8,Ikan sidat segar,Lunch/Dinner
199.0,34.1,3.8,7.1,Ikan sunu asin mentah,Lunch/Dinner
111.0,13.3,3.4,6.7,Ikan sunu segar,Lunch/Dinner
88.0,15.9,0.9,4.1,Ikan tahuman segar,Lunch/Dinner
96.0,19.5,1.1,2.0,Ikan tarmon segar,Lunch/Dinner
95.0,15.8,0.7,6.5,Ikan telan segar,Lunch/Dinner
358.0,20.7,26.4,9.4,Ikan telur asin mentah,Lunch/Dinner
204.0,16.0,15.0,0.0,Ikan Tembang,Lunch/Dinner
101.0,15.1,4.1,1.0,Ikan tempahas segar,Lunch/Dinner
316.0,60.1,6.5,22.4,Ikan tepung mentah,Lunch/Dinner
98.0,19.6,1.7,1.0,Ikan terbang segar,Lunch/Dinner
277.0,60.0,2.3,1.8,Ikan Teri bubuk,Lunch/Dinner
170.0,33.4,3.0,0.0,Ikan Teri kering,Lunch/Dinner
331.0,68.7,4.2,0.0,Ikan Teri Kering tawar,Lunch/Dinner
144.0,32.5,0.6,0.0,Ikan Teri Nasi kering,Lunch/Dinner
74.0,10.3,1.4,4.1,Ikan teri segar,Lunch/Dinner
347.0,48.8,6.4,19.6,Ikan Teri tepung,Lunch/Dinner
82.0,17.4,0.4,2.3,Ikan titang segar,Lunch/Dinner
100.0,13.7,1.5,8.0,Ikan tongkol segar,Lunch/Dinner
96.0,19.2,2.0,0.2,Ikan turi segar,Lunch/Dinner
474.0,7.6,21.6,62.3,Intip goreng,Breakfast
496.0,30.3,33.5,18.4,Itik alabio daging dendeng mentah,Lunch/Dinner
156.0,2.7,1.3,33.3,Jagung grontol,Snack
361.0,8.7,4.5,72.4,Jagung Kuning giling,Breakfast
129.0,4.1,1.3,30.3,Jagung Kuning muda,Snack
307.0,7.9,3.4,63.6,Jagung Kuning pipil baru,Breakfast
366.0,9.8,7.3,69.1,Jagung kuning pipil kering mentah,Breakfast
355.0,9.2,3.9,73.7,Jagung Kuning pipil lama,Breakfast
154.0,3.8,3.5,28.4,Jagung kuning pipil rebus,Snack
140.0,4.7,1.3,33.1,Jagung Kuning segar,Snack
355.0,9.2,3.9,73.7,Jagung kuning tepung,Breakfast
35.0,2.2,0.1,7.4,Jagung muda,Snack
147.0,5.1,0.7,31.5,Jagung muda kuning mentah,Snack
142.0,5.0,0.7,30.3,Jagung muda rebus,Snack
367.0,6.2,5.1,76.2,Jagung pipil var. harapan kering,Breakfast
368.0,5.5,4.6,78.0,Jagung pipil var. metro kering,Breakfast
361.0,8.7,4.5,72.4,Jagung Putih giling,Breakfast
129.0,4.1,1.3,30.3,Jagung Putih muda,Snack
307.0,7.9,3.4,63.6,Jagung Putih pipil baru,Breakfast
355.0,9.2,3.9,73.7,Jagung Putih pipil lama,Breakfast
140.0,4.7,1.3,33.1,Jagung Putih segar,Snack
175.0,1.8,1.8,35.0,Jagung Rebus ,Snack
148.9,10.4,10.4,20.1,Jagung Sayur (tumis) ,Snack
374.0,9.4,2.2,79.1,Jagung titi,Breakfast
51.0,1.5,1.0,10.1,Jahe,Snack
289.0,11.0,4.0,61.0,Jali,Breakfast
239.0,0.5,0.6,64.5,Jam selai,Breakfast
286.0,48.5,9.2,2.3,Jambal goreng,Lunch/Dinner
46.0,0.6,0.0,11.8,Jambu Air,Snack
49.0,0.9,0.3,12.2,Jambu Biji,Snack
61.0,0.9,0.3,15.4,Jambu biji putih tidak berbiji,Snack
56.0,0.6,0.3,14.2,Jambu Bol,Snack
64.0,0.7,0.6,15.8,Jambu Monyet buah,Snack
350.0,6.2,1.4,78.2,Jampang huma mentah,Breakfast
45.0,2.5,3.9,0.0,Jamur Coklat (kulat siau),Lunch/Dinner
296.0,9.4,1.1,62.0,Jamur encik,Breakfast
294.0,16.0,0.9,64.6,Jamur kuping kering,Breakfast
21.0,3.8,0.6,0.9,Jamur kuping segar,Lunch/Dinner
30.0,3.5,0.2,4.0,Jamur merang segar,Snack
48.0,2.8,4.1,2.9,Jamur Putih (kulat putih),Snack
48.0,1.9,3.2,2.8,Jamur sagu,Snack
30.0,1.9,0.1,5.5,Jamur tiram segar,Snack
107.0,5.3,2.2,16.5,Jangang bintatoeng masakan,Snack
31.0,1.2,0.3,7.1,Jantung Pisang segar,Snack
500.0,1.2,25.1,67.3,Japilus,Breakfast
48.0,2.5,4.2,0.0,Jaruk Tigarun,Lunch/Dinner
334.0,9.7,3.5,73.4,Jawawut,Breakfast
381.7,9.5,9.5,65.8,Jenang ,Breakfast
192.0,5.4,0.3,40.7,Jengkol segar,Snack
48.0,0.6,0.2,12.4,Jeruk Bali,Snack
61.0,0.8,0.2,14.1,Jeruk banjar segar,Snack
44.0,0.8,0.3,10.9,Jeruk Garut,Snack
39.0,0.3,0.3,8.9,Jeruk Kalamansi segar,Snack
45.0,0.9,0.2,11.2,Jeruk Manis,Snack
37.0,0.8,0.1,12.3,Jeruk Nipis,Snack
49.0,0.7,0.2,11.1,Jeruk ragi segar,Snack
32.0,1.9,0.3,7.1,Jotang,Snack
15.0,15.2,4.3,8.8,Jukku pallu kaloa masakan,Lunch/Dinner
130.0,6.7,0.3,25.2,Kabau segar,Snack
133.0,1.0,0.2,32.2,Kaburan ubi segar,Snack
250.0,2.6,2.5,35.4,Kabuto,Breakfast
356.0,20.5,4.1,61.6,Kacang Andong,Breakfast
330.0,23.8,1.4,60.2,Kacang Arab,Breakfast
533.0,27.8,38.1,28.8,Kacang atom,Breakfast
341.0,30.4,3.2,51.3,Kacang babi kering,Breakfast
400.0,34.4,16.9,34.1,Kacang belimbing (kecipir) kering,Lunch/Dinner
204.0,16.9,8.8,17.5,Kacang Belimbing rebus,Breakfast
212.0,17.5,10.0,12.9,Kacang Belimbing tempe,Lunch/Dinner
118.0,4.4,1.5,21.6,Kacang beracun segar,Snack
479.0,12.7,23.2,58.9,Kacang Bogor goreng,Breakfast
370.0,16.0,6.0,65.0,Kacang bogor kering,Breakfast
161.0,7.7,2.8,27.1,Kacang Bogor rebus,Snack
165.0,7.7,3.1,27.4,Kacang bogor segar,Snack
331.0,25.0,1.0,58.0,Kacang Endel biji,Breakfast
129.0,12.4,0.7,18.3,Kacang ercis segar,Snack
336.0,23.1,1.7,59.5,kacang galing segar,Breakfast
516.0,14.7,31.1,44.4,Kacang goyang,Breakfast
336.0,20.7,1.4,62.0,Kacang Gude biji,Breakfast
316.0,20.7,1.0,58.0,Kacang gude biji kering,Breakfast
114.0,7.0,0.6,20.8,Kacang Gude biji muda,Snack
123.0,8.4,0.6,1.8,Kacang Gude muda,Lunch/Dinner
147.0,9.0,0.5,27.5,Kacang gude rebus,Snack
323.0,22.9,1.5,56.8,Kacang hijau kering,Breakfast
109.0,8.7,0.5,18.3,kacang hijau rebus,Snack
350.0,17.1,1.8,70.7,Kacang hijau var. bakti kering,Breakfast
339.0,20.8,2.1,64.6,Kacang hijau var. siwalik kering,Breakfast
346.0,16.6,1.7,66.1,Kacang hitam kering,Breakfast
345.0,22.2,1.2,62.9,Kacang Ijo,Breakfast
445.0,11.0,11.0,65.5,Kacang Kapri Goreng ,Breakfast
98.0,6.7,0.4,17.7,Kacang Kapri muda,Snack
286.0,30.2,15.6,30.1,Kacang Kedelai basah,Lunch/Dinner
521.0,32.2,37.7,22.9,Kacang kedelai goreng,Lunch/Dinner
381.0,40.4,16.7,24.9,Kacang kedelai kering,Lunch/Dinner
75.0,4.1,2.1,10.7,Kacang Kedelai kukus,Snack
189.0,20.2,8.2,12.7,Kacang kedelai rebus,Lunch/Dinner
286.0,30.2,15.6,30.1,Kacang kedelai segar,Lunch/Dinner
327.0,16.4,4.3,55.8,Kacang komak segar,Breakfast
355.0,17.0,2.5,66.0,Kacang kuning kering,Breakfast
346.0,16.5,1.5,66.6,Kacang lebui /iris kering,Breakfast
22.0,1.1,1.0,3.4,Kacang mekah polong segar,Snack
344.0,16.7,2.1,64.6,Kacang mentega kering,Breakfast
336.0,23.1,1.7,59.5,Kacang Merah,Breakfast
350.0,13.9,3.0,66.9,Kacang merah /banda kering,Breakfast
314.0,22.1,1.1,56.2,Kacang merah kering,Breakfast
158.0,10.3,0.9,28.2,Kacang Merah kering rebus,Snack
171.0,11.0,2.2,28.0,Kacang merah segar,Snack
144.0,10.0,1.0,24.7,Kacang Merah segar rebus,Snack
280.0,16.7,1.6,63.2,Kacang merah tua kering,Breakfast
629.0,20.4,56.3,19.8,Kacang mete/biji jambu monyet goreng,Lunch/Dinner
616.0,16.3,48.4,28.7,Kacang mete/biji jambu monyet segar,Breakfast
480.0,18.4,19.1,58.5,Kacang negara,Breakfast
44.0,2.7,0.3,7.8,Kacang Panjang,Snack
357.0,17.3,1.5,70.0,Kacang Panjang biji,Breakfast
39.0,3.0,0.6,7.6,Kacang Panjang kukus,Snack
150.0,2.5,12.5,7.0,Kacang Panjang tumis,Snack
37.0,3.1,0.2,7.9,Kacang ranti polong,Snack
484.0,8.8,26.1,57.7,Kacang sukro,Breakfast
488.0,25.6,25.6,59.6,Kacang Sukro Putih ,Breakfast
535.0,27.8,38.1,28.8,Kacang Tanah atom,Breakfast
564.0,25.5,44.4,25.5,Kacang tanah goreng,Lunch/Dinner
561.0,25.5,43.8,26.0,Kacang Tanah kacang sari,Breakfast
525.0,27.9,42.7,17.4,Kacang tanah kering,Lunch/Dinner
385.0,14.0,31.0,13.0,Kacang Tanah Rebus ,Lunch/Dinner
360.0,13.5,31.2,12.8,Kacang Tanah rebus berkulit,Lunch/Dinner
513.0,17.5,32.5,44.3,Kacang Tanah rempeyek,Breakfast
569.0,28.8,48.4,15.8,Kacang Tanah sangan berselaput,Lunch/Dinner
559.0,26.9,44.2,23.6,Kacang tanah sangan tanpa selaput,Lunch/Dinner
561.0,25.5,43.8,26.0,Kacang tanah sari,Breakfast
748.0,20.8,20.8,124.8,Kacang Telur ,Breakfast
331.0,24.4,1.9,56.6,Kacang tolo / tunggak kering,Breakfast
138.0,10.7,1.1,22.6,Kacang tolo rebus,Snack
342.0,22.9,1.4,61.6,Kacang Tunggak (tolo),Breakfast
138.0,10.7,1.1,22.6,Kacang Tunggak rebus,Snack
451.0,11.2,20.2,59.7,Kacang Tunggak rempeyek,Breakfast
351.0,12.2,1.2,72.9,Kacang tunis kering,Breakfast
358.0,23.4,2.4,60.6,Kacang uci kering,Breakfast
354.0,12.8,1.8,69.3,Kacang urei kering,Breakfast
110.0,4.5,6.9,7.1,Kadada katembe,Snack
413.0,28.7,19.8,29.8,Kaholeo masakan,Breakfast
92.0,20.0,0.7,0.0,Kakap,Lunch/Dinner
66.0,2.8,6.8,3.4,Kalakai,Snack
163.0,16.5,9.0,4.1,Kalio jeroan masakan,Lunch/Dinner
122.0,13.8,5.7,3.9,Kalio kikil (tunjang) masakan,Lunch/Dinner
157.0,8.1,8.8,11.4,Kalio otak masakan,Snack
193.0,10.6,12.4,9.7,Kalio telur masakan,Lunch/Dinner
149.0,16.6,9.2,0.0,Kambing daging segar,Lunch/Dinner
164.0,3.0,2.4,32.6,Kambose,Snack
29.0,3.0,0.3,5.4,Kangkung,Snack
30.0,3.2,0.7,4.7,Kangkung kukus,Snack
22.0,2.5,0.6,3.1,Kangkung rebus,Snack
43.0,1.8,0.2,8.4,Kangkung tondano,Snack
52.0,1.8,3.6,3.0,Kangkung tumis,Snack
38.0,2.4,2.0,2.6,Kaparende sayur,Snack
42.0,3.3,0.2,9.6,Kapri Muda,Snack
41.0,2.0,0.3,7.8,Kapurung,Snack
158.0,4.4,3.2,27.8,Kapusa,Snack
25.0,2.3,0.2,3.5,Karawila,Snack
146.7,5.9,5.9,19.7,Karedok ,Snack
92.0,2.2,3.3,14.1,Karedok sayur,Snack
292.0,11.2,11.2,2.8,Karoket ,Lunch/Dinner
73.0,16.4,0.3,0.0,Katak,Lunch/Dinner
275.0,12.6,14.8,54.6,Katul Beras,Breakfast
356.0,9.0,8.5,64.5,Katul Jagung,Breakfast
120.0,3.5,2.5,20.8,Kawista segar,Snack
46.0,5.7,1.3,9.0,Kecap,Snack
464.0,1.2,18.6,73.0,Kecimpring singkong goreng,Breakfast
405.0,32.8,17.0,36.5,Kecipir biji,Breakfast
35.0,2.9,0.2,0.8,Kecipir buah muda,Lunch/Dinner
32.0,2.9,0.2,5.8,Kecipir muda segar,Snack
34.0,0.9,1.0,6.7,Kecombrang segar,Snack
47.0,0.5,0.2,10.4,Kedondong segar ,Snack
326.0,22.8,20.3,13.1,Keju,Lunch/Dinner
590.0,27.0,49.0,20.9,Keju Kacang Tanah,Lunch/Dinner
623.0,2.0,52.1,36.5,Kelapa hutan kering,Breakfast
17.0,0.2,0.1,3.8,Kelapa Muda air,Snack
68.0,1.0,0.9,14.0,Kelapa Muda daging,Snack
180.0,4.0,15.0,10.0,Kelapa Setengah Tua daging,Snack
359.0,3.4,34.7,14.0,Kelapa Tua daging,Breakfast
214.0,5.4,5.4,40.2,Kelepon ,Breakfast
111.0,1.5,0.3,27.2,Kelewih,Snack
142.0,16.9,7.8,0.0,Kelinci daging segar,Lunch/Dinner
48.0,1.0,0.2,11.9,Kemang,Snack
380.0,48.9,13.8,23.3,Kembang tahu,Lunch/Dinner
44.0,1.8,0.6,9.6,Kembang Turi,Snack
636.0,19.0,63.0,8.0,Kemiri,Lunch/Dinner
657.0,15.0,66.0,13.0,Kenari,Lunch/Dinner
616.0,13.9,56.2,13.7,Kenari banda kering,Lunch/Dinner
83.0,2.0,0.1,19.1,Kentang,Snack
142.0,0.9,0.4,33.7,Kentang Hitam,Snack
64.0,12.0,1.0,2.0,Keong,Lunch/Dinner
204.0,2.6,20.0,4.0,Kepala Susu (Krim),Breakfast
151.0,13.8,3.8,14.1,Kepiting,Snack
59.0,18.0,1.1,3.6,Kerang,Lunch/Dinner
393.0,38.9,13.3,29.4,Kerang asap mentah,Lunch/Dinner
357.0,41.1,10.0,25.6,Kerang dendeng mentah,Lunch/Dinner
79.0,18.7,0.5,0.0,Kerbau daging segar,Lunch/Dinner
475.0,1.6,25.5,64.4,Keremes,Breakfast
137.0,1.3,1.1,29.8,Keribang ubi segar,Snack
586.0,4.9,40.6,50.2,Keripik bayam,Breakfast
446.0,2.8,14.5,76.0,Keripik gadung,Breakfast
448.0,2.7,18.8,67.1,Keripik kentang,Breakfast
485.0,1.7,22.2,69.7,Keripik lampung,Breakfast
598.0,8.3,43.8,42.6,Keripik oncom,Breakfast
478.0,0.9,20.7,72.0,Keripik singkong,Breakfast
481.0,2.2,19.7,73.6,Keripik singkong berbumbu,Breakfast
581.0,12.1,40.6,41.7,Keripik tempe,Breakfast
542.0,40.3,42.4,11.6,Keripik tempe abadi murni,Lunch/Dinner
510.0,12.3,27.9,52.4,Keripik tempe abadi sedang,Breakfast
529.0,20.8,31.7,40.2,Keripik tempe abadi telur,Breakfast
486.0,0.2,23.9,67.6,Keripik ubi,Breakfast
26.0,1.7,0.4,3.8,Kerokot segar,Snack
350.0,0.5,0.2,85.9,Kerupuk Aci,Breakfast
444.0,6.9,14.6,71.3,Kerupuk cumi goreng,Breakfast
342.0,16.0,0.4,65.6,Kerupuk Ikan berpati,Breakfast
325.0,1.8,0.4,78.5,Kerupuk kemplang  (ikan) mentah,Breakfast
504.0,5.6,28.1,57.1,Kerupuk kemplang goreng,Breakfast
356.0,9.7,1.1,76.9,Kerupuk kemplang panggang,Breakfast
422.0,83.0,4.0,0.0,Kerupuk Kulit kerbau,Lunch/Dinner
345.0,12.0,1.5,71.5,Kerupuk Melinjo mentah,Breakfast
431.0,11.1,16.2,63.0,Kerupuk Melinjo tebal goreng asin,Breakfast
439.0,10.0,16.4,65.7,Kerupuk Melinjo tebal goreng manis,Breakfast
485.0,11.5,24.5,59.1,Kerupuk Melinjo tipis goreng,Breakfast
476.0,0.1,21.1,71.3,Kerupuk mie kuning goreng,Breakfast
46.7,17.3,17.3,81.3,Kerupuk Sayong ,Snack
340.0,30.0,30.0,52.0,Kerupuk Udang ,Breakfast
359.0,17.2,68.2,332.0,Kerupuk Udang berpati,Breakfast
477.0,4.7,20.5,68.5,Kerupuk udang goreng,Breakfast
588.0,53.7,40.9,1.2,Kerupuk urat,Lunch/Dinner
78.0,0.8,0.4,20.0,Kesemek,Snack
181.0,4.0,1.2,37.3,Ketan hitam matang,Snack
163.0,3.0,0.4,35.7,Ketan putih matang,Snack
340.0,11.0,11.0,54.0,Ketapang ,Breakfast
157.0,0.8,0.3,37.9,Ketela Pohon Kuning,Snack
154.0,1.0,0.3,36.8,Ketela singkong segar,Snack
153.0,1.2,0.3,36.4,Ketela pohon/singkong kukus,Snack
12.0,0.7,0.1,2.7,Ketimun,Snack
9.0,0.5,0.1,1.9,Ketimun madura segar,Snack
153.0,7.9,7.7,13.0,Ketoprak,Snack
404.0,14.1,16.1,54.2,Ketumbar,Breakfast
212.0,4.0,4.6,38.6,Ketupat ketan,Breakfast
109.6,2.6,2.6,18.6,Ketupat Tahu ,Snack
310.0,10.0,24.0,13.5,Kluwek,Breakfast
73.0,16.4,0.3,0.0,Kodok segar,Lunch/Dinner
86.0,1.6,0.2,13.0,Kokosan,Snack
99.0,3.3,0.1,21.2,Komak polong segar,Snack
25.0,2.4,0.2,4.9,Kool Kembang,Snack
24.0,1.4,0.2,5.3,Kool Merah kool putih,Snack
352.0,17.4,1.3,69.0,Kopi bagian yang larut,Breakfast
129.0,12.3,0.5,35.0,Kopi bubuk instant,Snack
356.0,20.5,4.1,61.6,Koro andong kering,Breakfast
332.0,24.0,3.0,55.0,Koro Benguk biji,Breakfast
141.0,10.2,1.3,23.2,Koro Benguk tempe,Snack
125.0,8.3,0.7,22.1,Koro Kerupuk biji,Snack
33.0,2.7,0.2,7.9,Koro Loke biji,Snack
344.0,12.5,2.1,69.4,Koro Roway biji,Breakfast
338.0,22.2,1.5,61.0,Koro Wedus biji,Breakfast
38.0,3.0,0.3,7.9,Koro Wedus buah muda,Snack
46.0,3.0,0.3,7.9,Koro wedus polong,Snack
46.0,2.2,1.5,6.0,Kotiu hinela tawang nggole,Snack
366.0,4.2,4.3,77.5,Koya,Breakfast
370.0,8.0,1.0,82.2,Koya mirasa,Breakfast
315.0,2.1,1.4,73.5,Kranji segar,Breakfast
542.0,40.3,42.4,11.5,Kripik Tempe Goreng ,Lunch/Dinner
21.0,1.7,0.4,3.8,Krokot,Snack
45.0,2.2,0.3,10.3,Kucai,Snack
42.0,3.8,0.6,7.8,Kucai Muda (Lokio),Snack
113.0,18.1,4.1,0.9,Kuda daging segar,Lunch/Dinner
440.0,3.8,18.5,64.5,Kue ali,Breakfast
186.7,1.6,1.6,39.6,Kue Apem ,Snack
338.0,1.5,1.2,80.3,Kue bangket,Breakfast
240.0,1.0,4.0,54.0,Kue Bugis ,Breakfast
425.0,1.6,8.8,84.6,Kue jahe,Breakfast
591.0,5.6,42.1,47.5,Kue kelapa,Breakfast
366.0,4.2,4.3,7.9,Kue Koya ,Breakfast
291.0,3.6,11.1,44.1,Kue lumpur,Breakfast
182.0,1.0,1.0,40.4,Kue mangkok ,Snack
126.7,0.7,0.7,57.3,Kue Pacar Cina ,Snack
296.0,1.4,1.4,66.4,Kue Pia ,Breakfast
304.0,5.3,7.0,54.9,Kue putu cangkir,Breakfast
217.0,1.2,0.5,53.2,Kue putu singkong,Breakfast
393.3,2.7,2.7,79.3,Kue Satu ,Breakfast
380.0,1.0,1.0,92.0,Kue Semprong ,Breakfast
221.0,7.5,10.2,24.8,Kue sus,Breakfast
180.0,5.0,5.0,32.0,Kue Talam ,Snack
512.0,26.0,26.0,60.4,Kue Tambang ,Breakfast
247.0,2.9,4.2,49.5,Kue thipan,Breakfast
111.0,4.5,1.1,20.7,Kulit melinjo,Snack
22.0,0.4,0.2,4.7,Kundur segar,Snack
63.0,2.0,2.7,9.1,Kunyit,Snack
83.0,19.1,0.2,0.0,Kura-kura,Lunch/Dinner
515.0,30.6,42.1,13.8,Kwaci,Lunch/Dinner
242.0,19.0,17.0,3.0,Kwark (Quark),Lunch/Dinner
17.0,0.6,0.2,3.8,Labu Air,Snack
51.0,1.7,0.5,10.0,Labu kuning segar,Snack
26.0,0.6,0.1,6.7,Labu Siam,Snack
32.0,1.1,0.1,6.6,Labu waluh segar,Snack
166.3,2.7,3.9,29.5,Laksa ,Snack
85.0,5.7,0.3,15.4,Lamtoro (pete cina) biji muda,Snack
148.0,10.6,0.5,26.2,Lamtoro biji tua,Snack
142.0,11.0,2.5,20.4,Lamtoro tempe,Snack
367.0,46.4,5.4,32.5,Lamtoro var. gung tanpa kulit,Lunch/Dinner
336.0,23.8,1.2,59.7,Lamtoro var. lokal dengan kulit,Breakfast
56.0,0.9,0.2,14.3,Langsat,Snack
34.0,2.2,0.3,5.5,Lantar segar,Snack
422.0,0.9,10.8,80.4,Lanting getuk,Breakfast
389.0,6.6,15.7,55.5,Lapis legit,Breakfast
174.0,17.0,10.0,3.0,Lawar babi masakan,Lunch/Dinner
141.0,23.0,1.5,7.6,Lawar penyu masakan,Lunch/Dinner
159.0,5.0,10.9,10.1,Lawara jangang masakan,Snack
207.0,7.4,15.4,9.6,Lawara penjah masakan,Breakfast
405.0,4.8,5.1,84.9,Ledre pisang,Breakfast
15.0,1.0,0.4,1.9,Lema/ Rebung asam,Snack
902.0,0.0,100.0,0.0,Lemak Babi,Lunch/Dinner
630.0,9.1,65.0,1.1,Lemak Babi (Bacon),Lunch/Dinner
372.0,12.0,29.4,14.4,Lemak ikan,Breakfast
818.0,1.5,90.0,0.0,Lemak Kerbau,Lunch/Dinner
34.0,0.5,0.8,6.2,Lemon segar,Snack
36.0,0.0,0.0,10.0,Lemon Squasih,Snack
30.0,0.0,0.0,8.0,Lemonade,Snack
221.3,3.8,3.6,43.4,Lemper ,Breakfast
320.0,3.5,5.7,63.7,Lempog durian,Breakfast
181.0,2.8,1.2,39.8,Lepok/Ubi rumput,Snack
33.0,1.9,0.1,7.4,Leunca buah,Snack
240.0,7.8,0.5,51.3,Leupeut Ketan ,Breakfast
387.0,16.0,22.0,3.0,Leverwost (sosis hati),Lunch/Dinner
79.0,2.3,5.2,5.8,Lilin bungkus gedi,Snack
19.0,0.9,0.1,4.2,Lobak,Snack
217.0,11.0,1.7,5.1,Lokan segar,Lunch/Dinner
27.0,0.4,0.2,6.0,Lontar segar,Snack
163.3,2.8,2.2,33.0,Lopis ,Snack
38.0,1.1,0.3,7.6,Lumai/Leunca segar,Snack
164.0,1.8,2.1,34.5,Lupis ketan,Snack
294.0,0.3,0.0,79.5,Madu,Breakfast
341.0,0.3,0.0,85.0,Maizena tepung,Breakfast
363.0,8.7,0.4,78.7,Makaroni,Breakfast
63.0,2.4,0.4,12.4,Mangga benggala segar,Snack
44.0,0.7,0.2,11.2,Mangga Gedong,Snack
63.0,0.5,0.2,16.7,Mangga Golek,Snack
46.0,0.4,0.2,11.9,Mangga Harum Manis,Snack
72.0,0.8,0.2,18.7,Mangga Indramayu,Snack
56.0,0.4,0.2,14.6,Mangga Kopek,Snack
86.0,0.7,0.5,19.8,Mangga kwini segar,Snack
133.0,1.0,0.1,32.1,Mangga manalagi segar,Snack
59.0,0.5,0.4,15.1,Mangga Muda,Snack
52.0,0.7,0.0,12.3,Mangga segar,Snack
63.0,0.6,0.6,15.6,Manggis,Snack
720.0,0.6,81.0,0.4,Margarin,Lunch/Dinner
144.0,3.5,1.2,29.8,Markisa segar,Snack
217.0,2.5,1.0,49.6,Markisa squash,Breakfast
104.0,1.2,0.5,23.7,Markisa squash BD,Snack
265.3,4.7,5.5,49.3,Martabak  manis,Breakfast
153.0,4.5,4.2,24.3,Martabak india,Snack
278.0,5.1,8.6,45.0,Martabak mesir,Breakfast
200.0,8.9,5.1,29.5,Martabak Telur ,Lunch/Dinner
369.0,2.1,7.0,74.1,Masekat,Breakfast
90.0,1.2,0.1,21.1,Matoa segar,Snack
276.0,0.0,0.1,71.0,Melase,Breakfast
66.0,5.0,0.7,13.3,Melinjo,Snack
37.0,0.6,0.4,7.8,Melon segar,Snack
322.0,55.8,2.0,22.7,Menjangan daging dendeng mentah,Lunch/Dinner
725.0,0.5,81.6,1.4,Mentega,Breakfast
65.0,1.7,0.2,16.1,Menteng,Snack
359.0,11.5,6.8,64.4,Merica,Breakfast
88.0,0.6,3.3,14.0,Mi basah,Snack
71.0,0.2,0.8,15.9,Mi golosor,Snack
339.0,10.0,1.7,6.3,Mi kering,Lunch/Dinner
113.0,3.0,3.2,18.1,Mie aceh rebus,Snack
102.0,6.2,3.9,10.5,Mie ayam,Snack
114.0,5.3,3.0,16.4,Mie bakso,Snack
86.0,0.6,3.3,14.0,Mie basah,Snack
353.0,0.3,0.0,88.0,Mie Bendo,Breakfast
102.0,3.0,2.1,17.8,Mie celon,Snack
468.0,7.6,20.4,62.4,Mie Goreng ,Breakfast
337.0,7.9,11.8,50.0,Mie kering,Breakfast
105.0,5.9,4.9,9.4,Mie pangsit basah,Snack
190.0,0.2,0.4,46.5,Mie Sagu,Snack
902.0,0.0,100.0,0.0,Minyak Hati Hiu (Eulamia),Lunch/Dinner
902.0,0.0,100.0,0.0,Minyak Ikan,Lunch/Dinner
902.0,0.0,100.0,0.0,Minyak Kacang Tanah,Lunch/Dinner
883.0,0.0,99.9,0.0,Minyak kedelai,Lunch/Dinner
870.0,1.0,98.0,0.0,Minyak Kelapa,Lunch/Dinner
902.0,0.0,100.0,0.0,Minyak Kelapa Sawit,Lunch/Dinner
902.0,0.0,100.0,0.0,Minyak Wijen,Lunch/Dinner
884.0,0.0,100.0,0.0,Minyak Zaitun,Lunch/Dinner
345.0,8.5,2.2,78.0,Misoa,Breakfast
218.0,0.8,16.0,50.2,Misro ,Breakfast
128.0,8.0,10.0,1.3,Moon tahu,Lunch/Dinner
33.0,2.3,0.5,4.7,Mostarda metan -sawi,Snack
330.0,17.8,23.4,12.1,Mujahir acar kuning masakan,Lunch/Dinner
478.0,38.3,33.9,5.1,Naan maran sapi masakan,Lunch/Dinner
52.0,0.4,0.2,13.7,Nanas,Snack
58.0,0.7,0.2,13.3,Nanas palembang segar,Snack
165.0,4.2,0.1,36.7,Nangka biji,Snack
106.0,1.2,0.3,27.6,Nangka masak di pohon,Snack
51.0,2.0,0.4,11.3,Nangka Muda,Snack
180.0,3.0,0.3,39.8,Nasi,Snack
149.0,2.8,0.4,32.5,Nasi beras merah,Snack
192.0,3.8,8.8,24.4,Nasi gemuk,Snack
276.0,3.2,3.2,30.2,Nasi Goreng ,Breakfast
190.0,4.7,7.5,26.0,Nasi gurih,Snack
357.0,8.8,0.5,79.5,Nasi jagung,Breakfast
207.0,3.5,5.0,37.1,Nasi minyak,Breakfast
155.0,10.3,4.2,19.1,Nasi rames,Snack
120.0,2.4,0.4,26.0,Nasi tim,Snack
253.3,4.3,21.0,11.7,Nasi Uduk ,Breakfast
196.0,14.5,8.3,15.9,Nasu likku masakan,Snack
600.0,14.0,41.7,42.0,Noga Kacang Tanah ,Breakfast
387.0,5.3,7.6,74.3,Nopia spesial,Breakfast
9.0,2.1,6.0,7.1,Olah-olah,Snack
187.0,13.0,6.0,22.6,Oncom,Snack
376.0,14.9,6.0,65.7,Oncom ampas kacang hijau,Breakfast
363.3,19.3,19.3,40.3,Oncom Goreng ,Breakfast
284.0,12.0,14.4,13.6,Oncom Hitam Goreng ,Breakfast
306.7,9.0,18.0,27.0,Oncom Hitam Goreng bertepung ,Breakfast
351.0,11.0,5.3,65.9,Oncom kacang hijau + singkong,Breakfast
132.0,12.7,3.8,13.7,Oncom Kacang Tanah pepes,Snack
187.0,13.0,6.0,22.6,Oncom Kedele,Snack
368.0,6.8,32.0,13.2,Oncom Merah Goreng ,Breakfast
320.0,7.3,18.7,31.0,Oncom Merah Goreng bertepung ,Breakfast
40.0,2.0,2.0,3.0,Oncom Merah Sayur (tumis) ,Snack
76.0,5.2,1.8,10.6,Oncom pepes,Snack
288.6,8.3,8.9,44.3,Onde-onde ,Breakfast
115.0,1.5,6.0,14.0,Ongol-ongol ,Snack
111.0,0.3,2.7,21.2,Ongol-ongol sagu,Snack
940.0,36.0,42.0,104.0,Opak Singkong ,Breakfast
117.0,13.7,5.0,4.3,Oramu ninahu ndawa olaho masakan,Lunch/Dinner
125.0,10.4,8.6,0.8,Otak,Lunch/Dinner
351.0,0.9,0.9,84.9,Oyek,Breakfast
342.0,2.3,0.1,83.1,Oyek (dari singkong),Breakfast
77.0,3.5,4.6,5.4,Paku hinela wulelenggapaya,Snack
494.0,7.5,36.4,40.1,Pala biji,Breakfast
42.0,0.3,0.2,10.9,Pala daging,Snack
460.0,28.5,35.2,7.2,Paniki masak santan masakan,Lunch/Dinner
133.8,3.0,1.6,27.0,Papais ,Snack
61.0,0.2,0.1,14.9,Papeda,Snack
87.0,10.5,2.5,5.5,Parede baleh masakan,Lunch/Dinner
29.0,1.1,0.3,6.6,Paria (Pare),Snack
16.0,0.8,0.2,3.4,Paria Putih kukus,Snack
19.0,1.0,0.4,3.6,Paria putih segar,Snack
307.0,4.5,13.3,42.4,Pastel,Breakfast
362.0,0.5,0.3,86.9,Pati Singkong (tapioka),Breakfast
23.0,1.8,0.3,4.5,Pe-Cay,Snack
156.0,28.0,4.0,0.0,Peda Ikan Banjar,Lunch/Dinner
75.0,2.5,2.8,10.0,Pelecing kangkung,Snack
219.0,19.7,13.6,4.4,Pelepah manuk masakan,Lunch/Dinner
162.0,4.9,3.0,27.8,Pempek adaan,Snack
156.0,4.2,1.4,31.6,Pempek belida,Snack
152.0,4.5,2.3,28.2,Pempek kapal selam,Snack
211.0,12.3,6.1,26.6,Pempek kelesan,Breakfast
243.0,5.2,7.3,39.1,Pempek kulit,Breakfast
173.0,7.2,1.2,33.4,Pempek tenggiri,Snack
372.0,7.8,36.3,3.5,Pencok lele masakan,Lunch/Dinner
174.0,13.1,12.2,2.2,Penyu serapah masakan,Lunch/Dinner
19.0,0.6,0.1,3.9,Pepare ular segar,Snack
275.0,11.6,11.6,30.2,Pepaya lodeh,Breakfast
26.0,2.1,0.1,4.9,Pepaya Muda,Snack
46.0,0.5,12.0,12.2,Pepaya segar,Snack
76.0,5.2,1.8,10.6,Pepea oncom ampas tahu,Snack
400.0,0.0,0.0,95.0,Permen ,Breakfast
142.0,10.4,2.0,22.0,Pete Segar,Snack
50.0,3.7,1.0,9.0,Peterseli,Snack
161.0,20.0,0.2,24.0,Petis Ikan,Snack
220.0,15.0,0.1,40.0,Petis Udang,Breakfast
345.0,23.8,1.4,59.3,Petis udang kering,Breakfast
220.0,15.0,0.9,38.0,Petis udang pasta,Breakfast
514.0,1.0,27.8,647.0,Pilus ,Breakfast
107.0,15.9,0.6,0.4,Pinda masakan,Lunch/Dinner
157.0,28.0,4.2,0.0,Pindang Ikan Banjar,Lunch/Dinner
170.0,31.0,4.2,0.0,Pindang Ikan Benggol,Lunch/Dinner
153.0,30.0,2.8,0.0,Pindang Ikan Layang,Lunch/Dinner
142.0,27.0,3.0,0.0,Pindang Ikan Selar Kecil,Lunch/Dinner
124.0,9.5,9.6,0.0,Pindang kenari masakan,Lunch/Dinner
99.0,1.2,0.2,25.8,Pisang Ambon,Snack
68.0,1.3,0.2,17.2,Pisang angleng (pisang ampyang) segar,Snack
120.0,1.1,0.2,26.8,Pisang ayam segar,Snack
127.0,2.1,0.3,31.1,Pisang gapi segar ,Snack
220.0,2.3,2.3,6.3,Pisang Goreng ,Breakfast
115.0,1.9,0.2,27.9,Pisang goroho segar,Snack
117.0,2.0,0.3,28.9,Pisang hijau segar,Snack
100.0,1.4,0.5,23.6,Pisang kayu segar,Snack
109.0,0.8,0.5,26.3,Pisang kepok segar,Snack
145.0,1.1,0.3,34.5,Pisang ketip segar,Snack
96.0,1.0,0.2,22.5,Pisang kidang segar,Snack
99.0,1.3,0.2,25.6,Pisang Lampung,Snack
127.0,1.4,0.2,33.6,Pisang Mas,Snack
127.0,1.4,0.2,31.8,Pisang mas bali,Snack
134.0,1.1,0.5,35.5,Pisang Oli,Snack
120.0,1.2,0.2,31.8,Pisang Raja,Snack
118.0,1.2,0.2,31.1,Pisang Raja Sere (Susu),Snack
98.0,1.3,1.2,20.5,Pisang rotan segar,Snack
625.0,1.0,0.0,8.1,Pisang Siam goreng,Breakfast
113.0,1.2,0.2,26.7,Pisang talas segar,Snack
45.0,2.2,0.3,10.3,Prey (bawang daun),Snack
33.0,4.5,0.4,2.8,Pucuk lumai/daun leunca segar,Lunch/Dinner
216.0,2.6,3.1,44.4,Pulut,Breakfast
224.0,26.2,11.3,4.4,Punai daging goreng,Lunch/Dinner
104.0,1.9,4.1,15.1,Pundut nasi,Snack
25.0,1.5,0.5,3.6,Purundawa,Snack
76.0,4.1,1.1,15.2,Purut segar,Snack
76.0,3.6,0.3,14.6,Putri malu segar,Snack
163.0,2.2,6.5,23.8,Putri selat,Snack
200.0,1.0,2.4,43.8,Putu Mayang ,Lunch/Dinner
136.0,43.0,2.4,3.0,Ragi,Lunch/Dinner
76.0,12.1,2.0,2.4,Rajungan segar,Lunch/Dinner
69.0,0.9,0.1,18.1,Rambutan,Snack
11.0,0.0,0.0,2.7,Rambutan Aceh,Snack
76.0,0.5,0.2,18.0,Rambutan binjai segar,Snack
4.0,0.0,0.0,0.9,Rambutan sinyonya,Snack
295.0,7.3,8.5,47.5,Rarawuan ,Breakfast
394.0,2.2,8.8,76.6,Rasbi (Beras Ubi),Breakfast
350.0,0.9,0.4,85.7,Rasi (Beras Singkong),Breakfast
60.0,5.4,2.5,4.0,Rawon masakan,Lunch/Dinner
81.0,16.2,1.2,0.7,Rebon (udang kecil segar),Lunch/Dinner
299.0,29.4,3.6,3.2,Rebon kering,Lunch/Dinner
81.0,16.2,1.2,0.7,Rebon udang kecil segar,Lunch/Dinner
27.0,0.6,0.3,5.2,Rebung,Snack
320.0,7.2,4.2,63.3,Rebung laut mentah,Breakfast
451.0,11.2,20.2,59.7,Rempeyek kacang tolo,Breakfast
497.0,17.0,27.6,50.8,Rempeyek kacang uci,Breakfast
193.0,22.6,7.9,7.8,Rendang sapi masakan,Lunch/Dinner
471.0,4.7,21.8,64.1,Renggi goreng,Breakfast
75.0,1.6,0.6,15.8,Rimbang segar,Snack
335.0,5.3,3.5,70.5,Risoles ,Breakfast
341.0,5.5,16.2,43.3,Roti boong,Breakfast
350.0,7.5,2.0,75.5,Roti Gambang ,Breakfast
248.0,8.0,1.2,50.0,Roti Putih,Breakfast
249.0,7.9,1.5,49.7,Roti warna sawo matang,Breakfast
153.0,11.3,8.4,8.0,Rujak cingur,Lunch/Dinner
41.0,1.4,0.3,8.1,Rumput laut,Snack
536.0,40.5,41.5,0.0,Rusa daging dendeng mentah,Lunch/Dinner
110.0,11.5,2.0,11.7,Rusip,Snack
198.0,24.6,10.7,0.9,RW anjing masakan,Lunch/Dinner
449.0,30.6,25.5,31.9,Saga biji tanpa kulit,Breakfast
338.0,0.6,0.3,83.1,Sagu Ambon ,Breakfast
355.0,0.6,1.1,85.6,Sagu aren kering,Breakfast
231.0,0.6,0.2,56.6,Sagu aren segar,Breakfast
291.0,0.5,4.0,63.4,Sagu forno,Breakfast
230.0,0.6,0.2,56.5,Sagu kasbi segar,Breakfast
452.0,2.8,14.8,76.8,Sagu Lemak (Kue Sagon),Breakfast
347.0,0.9,0.3,85.2,Sagu lempeng,Breakfast
364.0,0.1,0.2,90.5,Sagu Rendang,Breakfast
362.0,0.5,0.3,86.9,Sagu singkong kering,Breakfast
354.0,0.8,8.3,68.9,Sagu sinole,Breakfast
57.0,0.5,0.1,13.6,Salak bali segar,Snack
55.0,0.4,0.2,12.8,Salak medan segar,Snack
87.0,0.8,0.4,20.1,Salak pondoh segar,Snack
281.0,2.4,0.7,66.1,Sale pisang siam,Breakfast
122.0,2.0,10.0,7.6,Santan (dengan air),Snack
324.0,4.2,34.3,55.6,Santan (kelapa saja),Breakfast
324.0,4.2,34.3,5.6,Santan murni,Breakfast
98.0,2.0,0.4,24.5,Saos Tomat,Snack
212.0,18.0,10.6,59.3,Sapi abon,Breakfast
108.0,17.6,4.2,0.0,Sapi babat segar,Lunch/Dinner
182.0,32.0,6.0,0.0,Sapi daging asap,Lunch/Dinner
301.0,55.0,9.0,0.0,Sapi daging dendeng mentah,Lunch/Dinner
273.0,17.5,22.0,0.0,Sapi daging gemuk segar,Lunch/Dinner
289.0,16.0,25.0,0.0,Sapi daging kornet,Lunch/Dinner
174.0,19.6,10.0,0.0,Sapi daging kurus segar,Lunch/Dinner
201.0,18.8,14.0,0.0,Sapi daging lemak sedang segar,Lunch/Dinner
448.0,14.5,42.3,2.3,Sapi daging sosis (Worst),Lunch/Dinner
183.0,12.0,14.4,1.4,Sapi daleman segar,Lunch/Dinner
98.0,21.9,1.1,0.0,Sapi dideh/darah,Lunch/Dinner
137.0,15.0,8.1,0.9,Sapi ginjal segar,Lunch/Dinner
274.0,16.0,22.0,3.0,Sapi hati sosis (liverworst),Lunch/Dinner
84.0,10.5,4.6,0.2,Sapi keleponan segar,Lunch/Dinner
132.0,19.7,3.2,6.0,Sapi liver segar,Lunch/Dinner
123.0,10.4,8.6,0.8,Sapi otak segar,Lunch/Dinner
360.0,57.3,6.0,19.2,Sapi paru dendeng mentah,Lunch/Dinner
268.0,23.9,12.7,14.5,Sapi paru goreng,Lunch/Dinner
126.0,14.0,7.2,1.5,Sapi usus segar,Lunch/Dinner
281.0,37.5,0.3,32.1,Sarang Burung,Lunch/Dinner
338.0,21.1,27.0,1.0,Sardines dalam kaleng,Lunch/Dinner
344.0,30.0,20.0,43.0,Sari Kedelai bubuk,Breakfast
166.0,2.3,2.8,32.9,Sarimuka,Snack
283.0,12.1,16.8,20.9,Sate Bandeng,Breakfast
110.0,15.5,0.5,11.5,Sate Kulit ,Lunch/Dinner
179.0,22.5,3.5,13.3,Sate penyu masakan,Lunch/Dinner
274.0,12.9,18.6,13.6,Sate pusut masakan,Breakfast
126.7,14.0,7.3,1.3,Sate Usus ,Lunch/Dinner
22.0,2.3,0.3,4.0,Sawi,Snack
9.0,1.0,0.1,1.7,Sawi putih / pecai segar,Snack
30.0,1.9,0.5,4.4,Sawi taiwan segar,Snack
19.0,1.3,0.2,2.9,Sawi tanah segar,Snack
92.0,0.5,1.1,22.4,Sawo,Snack
64.0,1.0,3.1,8.0,Sawo duren segar,Snack
111.0,0.9,2.3,21.6,Sawo kecik segar,Snack
92.0,0.5,1.1,22.4,Sawo Manila segar,Snack
29.0,0.7,0.6,5.0,Sayur asem,Snack
49.0,1.7,0.3,9.8,Sayur bunga pepaya,Snack
178.0,2.6,13.9,10.6,Sayur garu,Snack
133.0,7.3,6.6,11.2,Sayur kohu-kohu,Snack
64.0,2.1,0.6,12.5,Sayur lebui,Snack
36.0,2.7,0.7,4.8,Sayur lilin-terubuk,Snack
49.0,3.1,2.5,3.6,Sayur ndusuk,Snack
27.0,1.3,2.0,1.0,Sayur sop,Lunch/Dinner
67.0,5.2,2.9,5.1,Sayur umbut kelapa,Lunch/Dinner
57.0,5.4,2.6,3.1,Sayur umbut rotan,Lunch/Dinner
15.0,1.2,0.2,2.9,Selada,Snack
17.0,1.7,0.3,3.0,Selada Air,Snack
19.0,2.7,0.2,2.9,Selada Air rebus,Snack
20.0,1.0,0.1,4.6,Seledri,Snack
28.0,0.5,0.2,6.9,Semangka,Snack
192.5,4.5,6.0,30.3,Semur Jengkol ,Snack
64.0,0.6,0.3,14.8,Sente,Snack
353.0,0.7,0.2,84.7,Sente talas segar,Breakfast
88.0,7.9,1.6,10.6,Sepi masakan,Snack
298.0,8.0,23.8,48.9,Serbuk Coklat,Breakfast
478.0,2.5,21.2,69.2,Serimping talas kebumen,Breakfast
213.0,0.0,0.0,55.0,Setrup sirup,Breakfast
88.0,3.2,8.0,0.8,Shabu-shabu,Lunch/Dinner
474.0,11.2,42.5,11.7,Sie reuboh masakan,Breakfast
81.0,5.1,4.5,5.1,Singkah (rotan muda),Lunch/Dinner
285.0,1.0,18.0,28.0,Singkong Goreng ,Breakfast
146.0,1.2,0.3,34.7,Singkong kukus,Snack
173.0,0.5,0.1,42.5,Singkong tape,Snack
95.3,4.4,2.2,14.4,Siomay ,Snack
65.0,1.0,0.3,16.3,Sirsak,Snack
213.0,0.0,0.0,55.0,Sirup,Breakfast
71.0,7.5,3.6,2.2,Sop buntut masakan,Lunch/Dinner
49.0,5.8,0.5,5.3,Sop daging sapi masakan,Lunch/Dinner
68.0,9.0,1.9,3.7,Sop kaki sapi masakan,Lunch/Dinner
34.0,5.5,0.8,1.1,Sop kambing masakan,Lunch/Dinner
71.0,7.4,2.6,4.5,Sop konro masakan,Lunch/Dinner
12.0,0.5,0.1,2.0,Sop Kool,Snack
15.0,0.6,0.1,3.1,Sop Kool dan Wortel,Snack
89.0,7.2,5.0,3.9,Sop saudara masakan,Lunch/Dinner
42.0,3.9,1.7,2.8,Soto bandung masakan,Lunch/Dinner
110.0,2.9,9.5,3.2,Soto banjar masakan,Snack
135.0,2.5,8.8,11.5,Soto betawi masakan,Snack
127.5,2.6,9.4,8.3,Soto dengan Daging,Snack
92.0,11.8,4.3,1.4,Soto jeroan masakan,Lunch/Dinner
38.0,2.6,2.3,1.8,Soto kudus masakan,Lunch/Dinner
60.0,3.5,4.5,1.3,Soto madura masakan,Lunch/Dinner
127.0,5.9,6.6,11.0,Soto padang masakan,Snack
94.0,3.0,6.8,5.1,Soto pekalongan masakan,Snack
75.0,3.6,5.2,3.5,Soto pemalang masakan,Lunch/Dinner
80.0,3.2,3.5,9.0,Soto sukaraja masakan,Snack
86.0,2.3,8.5,0.0,Soto sulung masakan,Lunch/Dinner
117.1,0.4,8.6,9.6,Soto tanpa Daging ,Snack
139.0,7.4,2.1,22.6,Spaghetti,Snack
101.0,1.7,0.6,35.2,Srikaya,Snack
75.0,5.6,0.4,12.2,Sukiyaki masakan,Snack
119.0,1.4,0.2,28.1,Sukun muda segar,Snack
126.0,1.6,0.2,24.5,Sukun tua segar,Snack
418.0,19.0,9.0,65.5,Susu asam untuk bayi bubuk,Breakfast
513.0,24.6,30.0,36.2,Susu bubuk,Breakfast
64.0,4.3,2.3,6.6,Susu Kambing,Snack
41.0,3.5,2.5,5.0,Susu Kedelai,Snack
336.0,8.2,10.0,55.0,Susu Kental Manis,Breakfast
138.0,7.0,7.9,9.9,Susu Kental Tak Manis,Snack
160.0,6.3,12.0,7.1,Susu Kerbau,Snack
61.0,3.2,3.5,4.3,Susu Sapi,Snack
36.0,3.5,0.1,5.1,Susu Skim (tak berlemak),Snack
359.0,35.6,1.0,52.0,Susu skim bubuk,Breakfast
36.0,3.5,0.1,5.1,Susu skim segar,Snack
87.0,5.3,5.2,6.3,Susupan,Snack
90.0,1.5,0.1,21.9,Suweg kukus,Snack
69.0,1.0,0.1,15.7,Suweg mentah,Snack
74.0,1.4,0.1,17.2,Suweg talas segar,Snack
347.0,0.5,0.9,84.2,Suwir-suwir,Breakfast
68.0,7.8,4.6,1.6,Tahu,Lunch/Dinner
115.0,9.7,8.5,2.5,Tahu goreng,Lunch/Dinner
328.0,12.6,19.9,24.6,Tahu telur,Breakfast
148.0,13.8,8.5,4.0,Takwa,Lunch/Dinner
120.0,1.5,0.3,28.2,Talas bogor kukus,Snack
163.0,2.3,0.5,36.4,Talas pontianak segar,Snack
115.0,1.8,0.5,25.9,Talas viqueque segar,Snack
120.0,1.5,0.3,28.2,Tales kukus,Snack
98.0,1.9,0.2,23.7,Tales mentah,Snack
166.0,10.4,4.9,24.1,Taoco,Snack
88.0,3.2,2.1,14.0,Taoge goreng,Snack
76.0,9.0,2.6,6.4,Taoge kacang kedelai segar,Lunch/Dinner
28.0,3.0,0.8,4.0,Taoge seduh,Snack
34.0,3.7,1.2,4.3,Taoge segar,Snack
104.0,12.9,6.8,1.2,Taokoa,Lunch/Dinner
99.0,1.7,0.3,22.4,Tapai beras,Snack
166.0,3.8,1.0,34.4,Tapai ketan hitam,Snack
172.0,3.0,0.5,37.5,Tapai ketan putih,Snack
169.0,1.4,0.3,40.2,Tapai singkong,Snack
358.0,7.5,4.3,70.4,Tauco cap DAS cake,Breakfast
277.0,9.1,4.7,49.6,Tauji cap singa,Breakfast
25.0,4.6,0.4,3.0,Tebu Terubuk,Lunch/Dinner
83.0,10.4,3.4,2.8,Tedong pallu basa masakan,Lunch/Dinner
132.0,19.5,0.7,67.8,Teh,Snack
300.0,28.3,4.8,53.6,Teh hijau daun kering,Breakfast
299.0,24.1,3.5,59.0,Teh melati daun kering,Breakfast
34.0,2.0,0.1,7.9,Tekokak,Snack
294.0,8.3,1.7,72.6,Tekokak kering,Breakfast
53.0,1.9,0.9,9.4,Tekwan,Snack
162.0,12.8,11.5,0.7,Telur Ayam,Lunch/Dinner
361.0,19.3,31.9,0.7,Telur Ayam bagian kuning,Lunch/Dinner
50.0,10.8,0.0,0.8,Telur Ayam bagian putih,Lunch/Dinner
383.0,15.1,32.9,8.3,Telur Ayam ceplok,Lunch/Dinner
251.0,16.3,19.4,1.4,Telur Ayam dadar,Lunch/Dinner
179.0,13.6,13.3,4.4,Telur ayam kampung ,Lunch/Dinner
386.0,17.0,35.0,0.8,Telur bebek bagian kuning segar,Lunch/Dinner
54.0,11.0,0.0,0.8,Telur Bebek bagian putih,Lunch/Dinner
54.0,11.0,0.0,0.8,Telur bebek bagian putih segar,Lunch/Dinner
320.0,15.1,30.5,0.9,Telur Bebek ceplok,Lunch/Dinner
301.0,20.0,23.7,0.0,Telur Bebek dadar,Lunch/Dinner
187.0,10.9,12.4,7.9,Telur bebek tambak segar,Lunch/Dinner
195.0,13.6,13.6,1.4,Telur Bebek telur asin,Lunch/Dinner
116.0,10.7,7.0,1.6,Telur burung puyuh segar,Lunch/Dinner
144.0,12.0,10.2,0.0,Telur Penyu,Lunch/Dinner
425.0,31.0,28.0,10.0,Telur Terubuk,Lunch/Dinner
119.0,4.4,3.5,18.3,Tempe bongkrek,Snack
73.0,5.7,1.3,4.2,Tempe Gembus,Lunch/Dinner
76.0,6.8,0.7,10.6,Tempe gembus yogya,Snack
328.0,18.4,23.2,12.8,Tempe Goreng ,Lunch/Dinner
139.0,12.5,0.8,21.9,Tempe kacang babi,Snack
212.0,17.5,10.0,12.9,Tempe kacang belimbing,Lunch/Dinner
143.0,12.0,5.5,11.4,Tempe kedelai + jagung,Lunch/Dinner
350.0,24.5,26.6,10.4,Tempe kedelai murni goreng,Lunch/Dinner
201.0,20.8,8.8,13.5,Tempe kedelai murni mentah,Lunch/Dinner
141.0,10.2,1.3,23.2,Tempe koro benguk,Snack
146.0,11.7,2.3,19.6,Tempe lamtoro var. gung dengan kulit,Snack
131.0,18.0,0.8,13.0,Tempe lamtoro var. gung tanpa kulit,Lunch/Dinner
150.0,14.0,7.7,9.1,Tempe pasar segar,Lunch/Dinner
336.0,20.0,28.0,7.8,Tempe pasar goreng,Lunch/Dinner
240.0,6.0,2.7,49.3,Tempe Sayur ,Breakfast
110.0,1.7,1.3,21.9,Tempoya,Snack
126.0,1.1,2.2,25.7,Tempuyak,Snack
355.0,0.7,0.2,85.2,Tepung Arrowroot,Breakfast
364.0,7.0,0.5,80.0,Tepung Beras,Breakfast
353.0,7.0,0.5,80.0,Tepung beras mentah,Breakfast
353.0,0.8,1.7,83.6,Tepung Ganyong,Breakfast
363.0,1.1,0.5,88.2,Tepung Gaplek,Breakfast
355.0,0.7,0.2,85.2,Tepung Garut (arrowroot),Breakfast
364.0,4.5,1.0,83.5,Tepung Hunkwee,Breakfast
316.0,60.1,6.5,22.4,Tepung Ikan,Lunch/Dinner
355.0,9.2,3.9,73.7,Tepung Jagung Kuning,Breakfast
355.0,9.2,3.9,73.7,Tepung jagung putih,Breakfast
388.0,19.0,7.5,61.2,Tepung Jalejo,Breakfast
347.0,35.9,20.6,29.9,Tepung Kacang Kedelai,Lunch/Dinner
347.0,0.3,0.1,85.6,Tepung Kentang,Breakfast
350.0,1.2,0.6,85.0,Tepung Mocaf,Breakfast
338.0,2.9,0.4,80.6,Tepung Pisang,Breakfast
353.0,0.7,0.2,84.7,Tepung Sagu,Breakfast
326.0,4.0,0.4,76.7,Tepung Sente,Breakfast
363.0,1.1,0.5,88.2,Tepung singkong/ Tapioka,Breakfast
353.0,2.9,0.5,84.4,Tepung Sukun,Breakfast
509.0,24.6,30.0,36.2,Tepung Susu,Breakfast
418.0,19.0,9.0,65.5,Tepung Susu Asam untuk bayi,Breakfast
362.0,35.6,1.0,52.0,Tepung Susu Skim,Breakfast
332.0,5.7,0.6,76.1,Tepung Tales Beneng,Breakfast
365.0,8.9,1.3,77.3,Tepung Terigu,Breakfast
354.0,2.8,0.6,84.4,Tepung Ubi Ungu,Breakfast
155.0,22.3,2.9,9.9,Terasi,Lunch/Dinner
191.0,33.1,3.6,6.6,Terasi dobo,Lunch/Dinner
174.0,30.0,3.5,3.5,Terasi Merah,Lunch/Dinner
174.0,30.0,3.5,5.6,Terasi merah,Lunch/Dinner
365.0,23.7,22.3,17.5,Teri balado masakan,Lunch/Dinner
462.0,39.1,32.4,3.5,Teripang dendeng mentah,Lunch/Dinner
24.0,1.1,0.2,5.5,Terong,Snack
285.0,4.3,25.7,9.5,Terong + Oncom makanan,Breakfast
39.0,2.3,1.9,2.0,Terong Asam,Lunch/Dinner
48.0,1.5,0.3,11.3,Terong Belanda,Snack
45.0,1.9,0.8,7.5,Terong hintalo segar,Snack
23.0,1.8,0.1,4.9,Terong kukus,Snack
28.0,1.1,0.2,5.5,Terong segar,Snack
52.0,2.1,1.1,8.6,Terung belanda segar,Snack
52.0,1.1,0.4,11.2,Terung bengkulu segar,Snack
25.0,2.1,0.1,5.3,Terung panjang,Snack
23.0,1.8,0.1,4.9,Terung panjang kukus,Snack
59.0,2.9,0.3,13.9,Tespong daun,Snack
120.0,2.4,0.4,26.0,Tim (nasi tim),Snack
33.0,1.2,1.3,4.1,Tinira ninahu nggaluku,Snack
516.0,17.7,49.5,0.0,Tinoransak masakan,Lunch/Dinner
355.0,6.2,1.2,79.8,Tipa-tipa,Breakfast
353.0,2.4,1.1,83.4,Tiwul  ,Breakfast
395.0,3.2,8.5,76.5,Tiwul Instan,Breakfast
392.0,5.4,28.5,28.4,Toge -Tahu makanan,Breakfast
93.6,4.4,1.8,15.1,Toge Goreng ,Snack
23.0,2.9,0.2,4.1,Toge kacang ijo,Snack
35.0,5.0,0.2,5.8,Toge kacang tunggak,Snack
67.0,9.0,2.6,6.4,Toge kedelai,Lunch/Dinner
28.0,3.0,0.8,4.0,Toge seduh,Snack
20.0,1.0,0.2,3.5,Tomat air (juice) segar,Snack
20.0,1.0,0.3,4.2,Tomat Masak,Snack
24.0,1.3,0.5,4.7,Tomat merah segar,Snack
24.0,2.0,0.7,3.3,Tomat muda segar,Snack
189.0,11.3,15.7,0.6,Tumis bandeng,Lunch/Dinner
48.0,1.4,4.2,2.6,Tumis bayam bersantan,Snack
186.0,1.9,0.2,44.3,Ubi Cilembu,Snack
160.0,3.7,1.3,55.3,Ubi Jalar Goreng ,Snack
100.0,0.7,0.3,23.8,Ubi jalar kuning kukus,Snack
119.0,0.5,0.4,25.1,Ubi jalar kuning segar,Snack
83.0,1.5,0.2,18.8,Ubi jalar manis segar,Snack
123.0,1.8,0.7,27.9,Ubi Jalar Merah,Snack
151.0,1.6,0.3,35.4,Ubi jalar merah segar,Snack
123.0,1.8,0.7,27.9,Ubi Jalar Putih,Snack
114.0,1.4,9.6,25.6,Ubi Jalar Rebus,Snack
184.0,1.4,0.3,22.5,Ubi Jalar Sayur,Snack
108.0,0.5,0.4,25.6,Ubi jalar tinta/ kemayung,Snack
165.0,0.9,0.2,39.8,Ubi jalar tinta/ kemayung kukus,Snack
82.0,5.8,1.3,11.7,Uceng/ bunga melinjo segar,Snack
56.0,11.4,0.6,1.2,Udang besar segar,Lunch/Dinner
81.0,16.5,0.3,3.0,Udang galah segar,Lunch/Dinner
295.0,62.4,2.3,1.8,Udang kering,Lunch/Dinner
278.0,62.6,4.1,2.2,Udang kering mentah,Lunch/Dinner
273.0,47.8,3.8,12.5,Udang papay mentah,Lunch/Dinner
91.0,21.0,0.2,0.1,Udang segar,Lunch/Dinner
380.0,11.9,30.3,14.9,Ulat sagu panggang,Breakfast
241.0,5.8,21.6,5.8,Ulat sagu segar,Lunch/Dinner
120.0,2.8,0.5,82.3,Umbi Uwi segar,Snack
34.0,2.4,0.3,5.5,Umbut rotan,Snack
130.0,14.0,7.2,1.5,Usus Sapi,Lunch/Dinner
101.0,2.0,0.2,19.8,Uwi,Snack
363.0,8.7,0.4,78.7,Vermicelli,Breakfast
303.0,6.3,2.7,63.3,Wajit camilan,Breakfast
45.0,0.8,0.9,8.1,Waluh balamak,Snack
424.0,1.3,10.7,80.7,Widaran,Breakfast
568.0,19.3,51.1,18.1,Wijen,Lunch/Dinner
355.0,3.2,15.1,51.4,Wingko babat,Breakfast
143.0,3.1,7.8,15.0,Woku ubi,Snack
452.0,14.5,42.3,2.3,Worst (sosis daging),Lunch/Dinner
42.0,1.2,0.6,9.3,Wortel Segar,Snack
37.0,1.0,0.6,8.3,Wortel kukus,Snack
28.0,0.7,0.5,6.3,Wortel rebus,Snack
254.0,3.0,1.1,58.1,Yangko,Breakfast
52.0,3.3,2.5,4.0,Yoghurt,Snack
